2026-02-28 22:43:53,398 [INFO] lstm_fc.training.trainer: Training on cpu for 100000 steps
2026-02-28 22:43:53,398 [INFO] lstm_fc.training.trainer: Train samples: 1421550, Test samples: 157950
2026-02-28 22:43:54,256 [INFO] lstm_fc.training.trainer: Step 100/100000 | Train Loss: 0.043658 | Test Loss: 0.043948 | LR: 0.000241
2026-02-28 22:43:55,089 [INFO] lstm_fc.training.trainer: Step 200/100000 | Train Loss: 0.043905 | Test Loss: 0.043423 | LR: 0.000246
2026-02-28 22:43:55,869 [INFO] lstm_fc.training.trainer: Step 300/100000 | Train Loss: 0.042054 | Test Loss: 0.042551 | LR: 0.000253
2026-02-28 22:43:56,652 [INFO] lstm_fc.training.trainer: Step 400/100000 | Train Loss: 0.042085 | Test Loss: 0.045072 | LR: 0.000263
2026-02-28 22:43:57,492 [INFO] lstm_fc.training.trainer: Step 500/100000 | Train Loss: 0.046078 | Test Loss: 0.042196 | LR: 0.000275
2026-02-28 22:43:58,275 [INFO] lstm_fc.training.trainer: Step 600/100000 | Train Loss: 0.044852 | Test Loss: 0.042306 | LR: 0.000291
2026-02-28 22:43:59,109 [INFO] lstm_fc.training.trainer: Step 700/100000 | Train Loss: 0.045124 | Test Loss: 0.043025 | LR: 0.000309
2026-02-28 22:43:59,889 [INFO] lstm_fc.training.trainer: Step 800/100000 | Train Loss: 0.042300 | Test Loss: 0.043962 | LR: 0.000330
2026-02-28 22:44:00,674 [INFO] lstm_fc.training.trainer: Step 900/100000 | Train Loss: 0.043849 | Test Loss: 0.042962 | LR: 0.000354
2026-02-28 22:44:01,456 [INFO] lstm_fc.training.trainer: Step 1000/100000 | Train Loss: 0.042141 | Test Loss: 0.043087 | LR: 0.000381
2026-02-28 22:44:02,294 [INFO] lstm_fc.training.trainer: Step 1100/100000 | Train Loss: 0.045123 | Test Loss: 0.045431 | LR: 0.000410
2026-02-28 22:44:03,073 [INFO] lstm_fc.training.trainer: Step 1200/100000 | Train Loss: 0.046244 | Test Loss: 0.044799 | LR: 0.000442
2026-02-28 22:44:03,906 [INFO] lstm_fc.training.trainer: Step 1300/100000 | Train Loss: 0.041467 | Test Loss: 0.037843 | LR: 0.000477
2026-02-28 22:44:04,686 [INFO] lstm_fc.training.trainer: Step 1400/100000 | Train Loss: 0.035731 | Test Loss: 0.032241 | LR: 0.000514
2026-02-28 22:44:05,467 [INFO] lstm_fc.training.trainer: Step 1500/100000 | Train Loss: 0.028772 | Test Loss: 0.029368 | LR: 0.000554
2026-02-28 22:44:06,257 [INFO] lstm_fc.training.trainer: Step 1600/100000 | Train Loss: 0.034124 | Test Loss: 0.029065 | LR: 0.000596
2026-02-28 22:44:07,091 [INFO] lstm_fc.training.trainer: Step 1700/100000 | Train Loss: 0.027133 | Test Loss: 0.032565 | LR: 0.000641
2026-02-28 22:44:07,871 [INFO] lstm_fc.training.trainer: Step 1800/100000 | Train Loss: 0.029616 | Test Loss: 0.028364 | LR: 0.000688
2026-02-28 22:44:08,705 [INFO] lstm_fc.training.trainer: Step 1900/100000 | Train Loss: 0.031545 | Test Loss: 0.032205 | LR: 0.000738
2026-02-28 22:44:09,489 [INFO] lstm_fc.training.trainer: Step 2000/100000 | Train Loss: 0.030764 | Test Loss: 0.028229 | LR: 0.000790
2026-02-28 22:44:10,287 [INFO] lstm_fc.training.trainer: Step 2100/100000 | Train Loss: 0.027585 | Test Loss: 0.028392 | LR: 0.000844
2026-02-28 22:44:11,070 [INFO] lstm_fc.training.trainer: Step 2200/100000 | Train Loss: 0.026361 | Test Loss: 0.028438 | LR: 0.000901
2026-02-28 22:44:11,923 [INFO] lstm_fc.training.trainer: Step 2300/100000 | Train Loss: 0.027109 | Test Loss: 0.031630 | LR: 0.000960
2026-02-28 22:44:12,703 [INFO] lstm_fc.training.trainer: Step 2400/100000 | Train Loss: 0.029228 | Test Loss: 0.026584 | LR: 0.001021
2026-02-28 22:44:13,535 [INFO] lstm_fc.training.trainer: Step 2500/100000 | Train Loss: 0.030663 | Test Loss: 0.031297 | LR: 0.001084
2026-02-28 22:44:14,319 [INFO] lstm_fc.training.trainer: Step 2600/100000 | Train Loss: 0.032041 | Test Loss: 0.026090 | LR: 0.001149
2026-02-28 22:44:15,098 [INFO] lstm_fc.training.trainer: Step 2700/100000 | Train Loss: 0.028830 | Test Loss: 0.027928 | LR: 0.001216
2026-02-28 22:44:15,968 [INFO] lstm_fc.training.trainer: Step 2800/100000 | Train Loss: 0.024857 | Test Loss: 0.027465 | LR: 0.001284
2026-02-28 22:44:16,810 [INFO] lstm_fc.training.trainer: Step 2900/100000 | Train Loss: 0.031644 | Test Loss: 0.028719 | LR: 0.001355
2026-02-28 22:44:17,600 [INFO] lstm_fc.training.trainer: Step 3000/100000 | Train Loss: 0.029872 | Test Loss: 0.032124 | LR: 0.001427
2026-02-28 22:44:18,437 [INFO] lstm_fc.training.trainer: Step 3100/100000 | Train Loss: 0.029014 | Test Loss: 0.023458 | LR: 0.001501
2026-02-28 22:44:19,219 [INFO] lstm_fc.training.trainer: Step 3200/100000 | Train Loss: 0.031652 | Test Loss: 0.023912 | LR: 0.001577
2026-02-28 22:44:20,012 [INFO] lstm_fc.training.trainer: Step 3300/100000 | Train Loss: 0.030432 | Test Loss: 0.032825 | LR: 0.001654
2026-02-28 22:44:20,864 [INFO] lstm_fc.training.trainer: Step 3400/100000 | Train Loss: 0.030029 | Test Loss: 0.030886 | LR: 0.001733
2026-02-28 22:44:21,649 [INFO] lstm_fc.training.trainer: Step 3500/100000 | Train Loss: 0.027038 | Test Loss: 0.024383 | LR: 0.001813
2026-02-28 22:44:22,490 [INFO] lstm_fc.training.trainer: Step 3600/100000 | Train Loss: 0.025950 | Test Loss: 0.031220 | LR: 0.001894
2026-02-28 22:44:23,273 [INFO] lstm_fc.training.trainer: Step 3700/100000 | Train Loss: 0.027319 | Test Loss: 0.024023 | LR: 0.001977
2026-02-28 22:44:24,059 [INFO] lstm_fc.training.trainer: Step 3800/100000 | Train Loss: 0.027643 | Test Loss: 0.028496 | LR: 0.002060
2026-02-28 22:44:24,841 [INFO] lstm_fc.training.trainer: Step 3900/100000 | Train Loss: 0.026779 | Test Loss: 0.026545 | LR: 0.002145
2026-02-28 22:44:25,680 [INFO] lstm_fc.training.trainer: Step 4000/100000 | Train Loss: 0.027020 | Test Loss: 0.022429 | LR: 0.002230
2026-02-28 22:44:26,459 [INFO] lstm_fc.training.trainer: Step 4100/100000 | Train Loss: 0.024474 | Test Loss: 0.023893 | LR: 0.002317
2026-02-28 22:44:27,302 [INFO] lstm_fc.training.trainer: Step 4200/100000 | Train Loss: 0.024645 | Test Loss: 0.024094 | LR: 0.002404
2026-02-28 22:44:28,082 [INFO] lstm_fc.training.trainer: Step 4300/100000 | Train Loss: 0.027891 | Test Loss: 0.024844 | LR: 0.002492
2026-02-28 22:44:28,872 [INFO] lstm_fc.training.trainer: Step 4400/100000 | Train Loss: 0.024068 | Test Loss: 0.022179 | LR: 0.002581
2026-02-28 22:44:29,655 [INFO] lstm_fc.training.trainer: Step 4500/100000 | Train Loss: 0.023610 | Test Loss: 0.026703 | LR: 0.002670
2026-02-28 22:44:30,496 [INFO] lstm_fc.training.trainer: Step 4600/100000 | Train Loss: 0.024256 | Test Loss: 0.025689 | LR: 0.002759
2026-02-28 22:44:31,292 [INFO] lstm_fc.training.trainer: Step 4700/100000 | Train Loss: 0.029939 | Test Loss: 0.026221 | LR: 0.002849
2026-02-28 22:44:32,138 [INFO] lstm_fc.training.trainer: Step 4800/100000 | Train Loss: 0.026981 | Test Loss: 0.028894 | LR: 0.002940
2026-02-28 22:44:32,919 [INFO] lstm_fc.training.trainer: Step 4900/100000 | Train Loss: 0.025596 | Test Loss: 0.023085 | LR: 0.003030
2026-02-28 22:44:33,702 [INFO] lstm_fc.training.trainer: Step 5000/100000 | Train Loss: 0.022789 | Test Loss: 0.025997 | LR: 0.003120
2026-02-28 22:44:34,488 [INFO] lstm_fc.training.trainer: Step 5100/100000 | Train Loss: 0.024196 | Test Loss: 0.025018 | LR: 0.003211
2026-02-28 22:44:35,329 [INFO] lstm_fc.training.trainer: Step 5200/100000 | Train Loss: 0.022826 | Test Loss: 0.023840 | LR: 0.003301
2026-02-28 22:44:36,113 [INFO] lstm_fc.training.trainer: Step 5300/100000 | Train Loss: 0.023166 | Test Loss: 0.021687 | LR: 0.003392
2026-02-28 22:44:36,951 [INFO] lstm_fc.training.trainer: Step 5400/100000 | Train Loss: 0.024002 | Test Loss: 0.021361 | LR: 0.003481
2026-02-28 22:44:37,734 [INFO] lstm_fc.training.trainer: Step 5500/100000 | Train Loss: 0.022275 | Test Loss: 0.026296 | LR: 0.003571
2026-02-28 22:44:38,601 [INFO] lstm_fc.training.trainer: Step 5600/100000 | Train Loss: 0.024655 | Test Loss: 0.023685 | LR: 0.003660
2026-02-28 22:44:39,440 [INFO] lstm_fc.training.trainer: Step 5700/100000 | Train Loss: 0.024771 | Test Loss: 0.020982 | LR: 0.003749
2026-02-28 22:44:40,229 [INFO] lstm_fc.training.trainer: Step 5800/100000 | Train Loss: 0.022988 | Test Loss: 0.024550 | LR: 0.003837
2026-02-28 22:44:41,066 [INFO] lstm_fc.training.trainer: Step 5900/100000 | Train Loss: 0.026035 | Test Loss: 0.022693 | LR: 0.003924
2026-02-28 22:44:41,849 [INFO] lstm_fc.training.trainer: Step 6000/100000 | Train Loss: 0.025549 | Test Loss: 0.025742 | LR: 0.004010
2026-02-28 22:44:42,631 [INFO] lstm_fc.training.trainer: Step 6100/100000 | Train Loss: 0.024187 | Test Loss: 0.023686 | LR: 0.004096
2026-02-28 22:44:43,413 [INFO] lstm_fc.training.trainer: Step 6200/100000 | Train Loss: 0.022578 | Test Loss: 0.023275 | LR: 0.004181
2026-02-28 22:44:44,263 [INFO] lstm_fc.training.trainer: Step 6300/100000 | Train Loss: 0.020298 | Test Loss: 0.020222 | LR: 0.004264
2026-02-28 22:44:45,053 [INFO] lstm_fc.training.trainer: Step 6400/100000 | Train Loss: 0.021608 | Test Loss: 0.024690 | LR: 0.004347
2026-02-28 22:44:45,892 [INFO] lstm_fc.training.trainer: Step 6500/100000 | Train Loss: 0.023155 | Test Loss: 0.024784 | LR: 0.004428
2026-02-28 22:44:46,674 [INFO] lstm_fc.training.trainer: Step 6600/100000 | Train Loss: 0.021608 | Test Loss: 0.021989 | LR: 0.004508
2026-02-28 22:44:47,454 [INFO] lstm_fc.training.trainer: Step 6700/100000 | Train Loss: 0.023322 | Test Loss: 0.024225 | LR: 0.004587
2026-02-28 22:44:48,243 [INFO] lstm_fc.training.trainer: Step 6800/100000 | Train Loss: 0.022564 | Test Loss: 0.020612 | LR: 0.004664
2026-02-28 22:44:49,083 [INFO] lstm_fc.training.trainer: Step 6900/100000 | Train Loss: 0.023960 | Test Loss: 0.023144 | LR: 0.004739
2026-02-28 22:44:49,865 [INFO] lstm_fc.training.trainer: Step 7000/100000 | Train Loss: 0.025273 | Test Loss: 0.023720 | LR: 0.004813
2026-02-28 22:44:50,705 [INFO] lstm_fc.training.trainer: Step 7100/100000 | Train Loss: 0.021401 | Test Loss: 0.026094 | LR: 0.004886
2026-02-28 22:44:51,485 [INFO] lstm_fc.training.trainer: Step 7200/100000 | Train Loss: 0.022397 | Test Loss: 0.020914 | LR: 0.004956
2026-02-28 22:44:52,278 [INFO] lstm_fc.training.trainer: Step 7300/100000 | Train Loss: 0.022134 | Test Loss: 0.020172 | LR: 0.005025
2026-02-28 22:44:53,062 [INFO] lstm_fc.training.trainer: Step 7400/100000 | Train Loss: 0.026567 | Test Loss: 0.023369 | LR: 0.005092
2026-02-28 22:44:53,905 [INFO] lstm_fc.training.trainer: Step 7500/100000 | Train Loss: 0.024562 | Test Loss: 0.022480 | LR: 0.005157
2026-02-28 22:44:54,692 [INFO] lstm_fc.training.trainer: Step 7600/100000 | Train Loss: 0.022419 | Test Loss: 0.020487 | LR: 0.005220
2026-02-28 22:44:55,532 [INFO] lstm_fc.training.trainer: Step 7700/100000 | Train Loss: 0.026572 | Test Loss: 0.023538 | LR: 0.005281
2026-02-28 22:44:56,317 [INFO] lstm_fc.training.trainer: Step 7800/100000 | Train Loss: 0.022691 | Test Loss: 0.019467 | LR: 0.005340
2026-02-28 22:44:57,111 [INFO] lstm_fc.training.trainer: Step 7900/100000 | Train Loss: 0.025153 | Test Loss: 0.024844 | LR: 0.005396
2026-02-28 22:44:57,953 [INFO] lstm_fc.training.trainer: Step 8000/100000 | Train Loss: 0.022476 | Test Loss: 0.020207 | LR: 0.005450
2026-02-28 22:44:58,739 [INFO] lstm_fc.training.trainer: Step 8100/100000 | Train Loss: 0.028475 | Test Loss: 0.022618 | LR: 0.005502
2026-02-28 22:44:59,580 [INFO] lstm_fc.training.trainer: Step 8200/100000 | Train Loss: 0.021753 | Test Loss: 0.022645 | LR: 0.005552
2026-02-28 22:45:00,367 [INFO] lstm_fc.training.trainer: Step 8300/100000 | Train Loss: 0.020425 | Test Loss: 0.024178 | LR: 0.005599
2026-02-28 22:45:01,242 [INFO] lstm_fc.training.trainer: Step 8400/100000 | Train Loss: 0.019215 | Test Loss: 0.024530 | LR: 0.005644
2026-02-28 22:45:02,034 [INFO] lstm_fc.training.trainer: Step 8500/100000 | Train Loss: 0.023765 | Test Loss: 0.022794 | LR: 0.005686
2026-02-28 22:45:02,873 [INFO] lstm_fc.training.trainer: Step 8600/100000 | Train Loss: 0.020542 | Test Loss: 0.018965 | LR: 0.005726
2026-02-28 22:45:03,664 [INFO] lstm_fc.training.trainer: Step 8700/100000 | Train Loss: 0.020664 | Test Loss: 0.021530 | LR: 0.005763
2026-02-28 22:45:04,502 [INFO] lstm_fc.training.trainer: Step 8800/100000 | Train Loss: 0.017899 | Test Loss: 0.021840 | LR: 0.005798
2026-02-28 22:45:05,293 [INFO] lstm_fc.training.trainer: Step 8900/100000 | Train Loss: 0.023728 | Test Loss: 0.022060 | LR: 0.005830
2026-02-28 22:45:06,079 [INFO] lstm_fc.training.trainer: Step 9000/100000 | Train Loss: 0.024657 | Test Loss: 0.024523 | LR: 0.005859
2026-02-28 22:45:06,862 [INFO] lstm_fc.training.trainer: Step 9100/100000 | Train Loss: 0.026375 | Test Loss: 0.019113 | LR: 0.005886
2026-02-28 22:45:07,701 [INFO] lstm_fc.training.trainer: Step 9200/100000 | Train Loss: 0.022405 | Test Loss: 0.021210 | LR: 0.005910
2026-02-28 22:45:08,483 [INFO] lstm_fc.training.trainer: Step 9300/100000 | Train Loss: 0.022175 | Test Loss: 0.020502 | LR: 0.005931
2026-02-28 22:45:09,325 [INFO] lstm_fc.training.trainer: Step 9400/100000 | Train Loss: 0.023159 | Test Loss: 0.020787 | LR: 0.005949
2026-02-28 22:45:10,114 [INFO] lstm_fc.training.trainer: Step 9500/100000 | Train Loss: 0.021649 | Test Loss: 0.021227 | LR: 0.005965
2026-02-28 22:45:10,894 [INFO] lstm_fc.training.trainer: Step 9600/100000 | Train Loss: 0.025613 | Test Loss: 0.022272 | LR: 0.005977
2026-02-28 22:45:11,678 [INFO] lstm_fc.training.trainer: Step 9700/100000 | Train Loss: 0.023477 | Test Loss: 0.022146 | LR: 0.005987
2026-02-28 22:45:12,520 [INFO] lstm_fc.training.trainer: Step 9800/100000 | Train Loss: 0.020107 | Test Loss: 0.020333 | LR: 0.005994
2026-02-28 22:45:13,326 [INFO] lstm_fc.training.trainer: Step 9900/100000 | Train Loss: 0.020821 | Test Loss: 0.020319 | LR: 0.005999
2026-02-28 22:45:14,170 [INFO] lstm_fc.training.trainer: Step 10000/100000 | Train Loss: 0.020691 | Test Loss: 0.021177 | LR: 0.006000
2026-02-28 22:45:14,948 [INFO] lstm_fc.training.trainer: Step 10100/100000 | Train Loss: 0.022995 | Test Loss: 0.019539 | LR: 0.006000
2026-02-28 22:45:15,731 [INFO] lstm_fc.training.trainer: Step 10200/100000 | Train Loss: 0.021231 | Test Loss: 0.020860 | LR: 0.006000
2026-02-28 22:45:16,512 [INFO] lstm_fc.training.trainer: Step 10300/100000 | Train Loss: 0.021362 | Test Loss: 0.020682 | LR: 0.006000
2026-02-28 22:45:17,362 [INFO] lstm_fc.training.trainer: Step 10400/100000 | Train Loss: 0.020868 | Test Loss: 0.021248 | LR: 0.006000
2026-02-28 22:45:18,149 [INFO] lstm_fc.training.trainer: Step 10500/100000 | Train Loss: 0.018457 | Test Loss: 0.019894 | LR: 0.006000
2026-02-28 22:45:18,986 [INFO] lstm_fc.training.trainer: Step 10600/100000 | Train Loss: 0.019868 | Test Loss: 0.018949 | LR: 0.005999
2026-02-28 22:45:19,771 [INFO] lstm_fc.training.trainer: Step 10700/100000 | Train Loss: 0.023464 | Test Loss: 0.020337 | LR: 0.005999
2026-02-28 22:45:20,552 [INFO] lstm_fc.training.trainer: Step 10800/100000 | Train Loss: 0.019218 | Test Loss: 0.022014 | LR: 0.005999
2026-02-28 22:45:21,391 [INFO] lstm_fc.training.trainer: Step 10900/100000 | Train Loss: 0.022011 | Test Loss: 0.019787 | LR: 0.005999
2026-02-28 22:45:22,184 [INFO] lstm_fc.training.trainer: Step 11000/100000 | Train Loss: 0.020305 | Test Loss: 0.020475 | LR: 0.005998
2026-02-28 22:45:23,021 [INFO] lstm_fc.training.trainer: Step 11100/100000 | Train Loss: 0.021173 | Test Loss: 0.019756 | LR: 0.005998
2026-02-28 22:45:23,892 [INFO] lstm_fc.training.trainer: Step 11200/100000 | Train Loss: 0.019857 | Test Loss: 0.021674 | LR: 0.005997
2026-02-28 22:45:24,673 [INFO] lstm_fc.training.trainer: Step 11300/100000 | Train Loss: 0.022862 | Test Loss: 0.020303 | LR: 0.005997
2026-02-28 22:45:25,451 [INFO] lstm_fc.training.trainer: Step 11400/100000 | Train Loss: 0.019979 | Test Loss: 0.020835 | LR: 0.005996
2026-02-28 22:45:26,299 [INFO] lstm_fc.training.trainer: Step 11500/100000 | Train Loss: 0.021308 | Test Loss: 0.020488 | LR: 0.005996
2026-02-28 22:45:27,081 [INFO] lstm_fc.training.trainer: Step 11600/100000 | Train Loss: 0.022774 | Test Loss: 0.018837 | LR: 0.005995
2026-02-28 22:45:27,920 [INFO] lstm_fc.training.trainer: Step 11700/100000 | Train Loss: 0.019341 | Test Loss: 0.020045 | LR: 0.005995
2026-02-28 22:45:28,702 [INFO] lstm_fc.training.trainer: Step 11800/100000 | Train Loss: 0.023041 | Test Loss: 0.019686 | LR: 0.005994
2026-02-28 22:45:29,483 [INFO] lstm_fc.training.trainer: Step 11900/100000 | Train Loss: 0.018201 | Test Loss: 0.021999 | LR: 0.005993
2026-02-28 22:45:30,270 [INFO] lstm_fc.training.trainer: Step 12000/100000 | Train Loss: 0.022372 | Test Loss: 0.019664 | LR: 0.005993
2026-02-28 22:45:31,109 [INFO] lstm_fc.training.trainer: Step 12100/100000 | Train Loss: 0.020852 | Test Loss: 0.022248 | LR: 0.005992
2026-02-28 22:45:31,889 [INFO] lstm_fc.training.trainer: Step 12200/100000 | Train Loss: 0.020409 | Test Loss: 0.022309 | LR: 0.005991
2026-02-28 22:45:32,727 [INFO] lstm_fc.training.trainer: Step 12300/100000 | Train Loss: 0.020752 | Test Loss: 0.022649 | LR: 0.005990
2026-02-28 22:45:33,509 [INFO] lstm_fc.training.trainer: Step 12400/100000 | Train Loss: 0.016159 | Test Loss: 0.020280 | LR: 0.005989
2026-02-28 22:45:34,299 [INFO] lstm_fc.training.trainer: Step 12500/100000 | Train Loss: 0.022583 | Test Loss: 0.019812 | LR: 0.005989
2026-02-28 22:45:35,081 [INFO] lstm_fc.training.trainer: Step 12600/100000 | Train Loss: 0.021864 | Test Loss: 0.020190 | LR: 0.005988
2026-02-28 22:45:35,923 [INFO] lstm_fc.training.trainer: Step 12700/100000 | Train Loss: 0.019165 | Test Loss: 0.023105 | LR: 0.005987
2026-02-28 22:45:36,707 [INFO] lstm_fc.training.trainer: Step 12800/100000 | Train Loss: 0.020392 | Test Loss: 0.022053 | LR: 0.005986
2026-02-28 22:45:37,544 [INFO] lstm_fc.training.trainer: Step 12900/100000 | Train Loss: 0.020071 | Test Loss: 0.019059 | LR: 0.005985
2026-02-28 22:45:38,344 [INFO] lstm_fc.training.trainer: Step 13000/100000 | Train Loss: 0.020147 | Test Loss: 0.021508 | LR: 0.005984
2026-02-28 22:45:39,132 [INFO] lstm_fc.training.trainer: Step 13100/100000 | Train Loss: 0.018446 | Test Loss: 0.020641 | LR: 0.005982
2026-02-28 22:45:39,974 [INFO] lstm_fc.training.trainer: Step 13200/100000 | Train Loss: 0.019070 | Test Loss: 0.022211 | LR: 0.005981
2026-02-28 22:45:40,767 [INFO] lstm_fc.training.trainer: Step 13300/100000 | Train Loss: 0.020242 | Test Loss: 0.027114 | LR: 0.005980
2026-02-28 22:45:41,611 [INFO] lstm_fc.training.trainer: Step 13400/100000 | Train Loss: 0.022367 | Test Loss: 0.020283 | LR: 0.005979
2026-02-28 22:45:42,399 [INFO] lstm_fc.training.trainer: Step 13500/100000 | Train Loss: 0.021763 | Test Loss: 0.022358 | LR: 0.005978
2026-02-28 22:45:43,193 [INFO] lstm_fc.training.trainer: Step 13600/100000 | Train Loss: 0.021406 | Test Loss: 0.020862 | LR: 0.005976
2026-02-28 22:45:43,976 [INFO] lstm_fc.training.trainer: Step 13700/100000 | Train Loss: 0.019203 | Test Loss: 0.019100 | LR: 0.005975
2026-02-28 22:45:44,844 [INFO] lstm_fc.training.trainer: Step 13800/100000 | Train Loss: 0.017859 | Test Loss: 0.020104 | LR: 0.005974
2026-02-28 22:45:45,715 [INFO] lstm_fc.training.trainer: Step 13900/100000 | Train Loss: 0.020758 | Test Loss: 0.022636 | LR: 0.005972
2026-02-28 22:45:46,552 [INFO] lstm_fc.training.trainer: Step 14000/100000 | Train Loss: 0.020843 | Test Loss: 0.018831 | LR: 0.005971
2026-02-28 22:45:47,334 [INFO] lstm_fc.training.trainer: Step 14100/100000 | Train Loss: 0.020391 | Test Loss: 0.019519 | LR: 0.005969
2026-02-28 22:45:48,114 [INFO] lstm_fc.training.trainer: Step 14200/100000 | Train Loss: 0.022241 | Test Loss: 0.019604 | LR: 0.005968
2026-02-28 22:45:48,895 [INFO] lstm_fc.training.trainer: Step 14300/100000 | Train Loss: 0.020000 | Test Loss: 0.020625 | LR: 0.005966
2026-02-28 22:45:49,747 [INFO] lstm_fc.training.trainer: Step 14400/100000 | Train Loss: 0.020419 | Test Loss: 0.020751 | LR: 0.005965
2026-02-28 22:45:50,529 [INFO] lstm_fc.training.trainer: Step 14500/100000 | Train Loss: 0.019919 | Test Loss: 0.019872 | LR: 0.005963
2026-02-28 22:45:51,371 [INFO] lstm_fc.training.trainer: Step 14600/100000 | Train Loss: 0.019588 | Test Loss: 0.022408 | LR: 0.005961
2026-02-28 22:45:52,152 [INFO] lstm_fc.training.trainer: Step 14700/100000 | Train Loss: 0.019190 | Test Loss: 0.021513 | LR: 0.005960
2026-02-28 22:45:52,933 [INFO] lstm_fc.training.trainer: Step 14800/100000 | Train Loss: 0.022728 | Test Loss: 0.023587 | LR: 0.005958
2026-02-28 22:45:53,717 [INFO] lstm_fc.training.trainer: Step 14900/100000 | Train Loss: 0.019568 | Test Loss: 0.020891 | LR: 0.005956
2026-02-28 22:45:54,556 [INFO] lstm_fc.training.trainer: Step 15000/100000 | Train Loss: 0.019491 | Test Loss: 0.017955 | LR: 0.005954
2026-02-28 22:45:55,352 [INFO] lstm_fc.training.trainer: Step 15100/100000 | Train Loss: 0.019782 | Test Loss: 0.022486 | LR: 0.005953
2026-02-28 22:45:56,198 [INFO] lstm_fc.training.trainer: Step 15200/100000 | Train Loss: 0.018258 | Test Loss: 0.021313 | LR: 0.005951
2026-02-28 22:45:56,981 [INFO] lstm_fc.training.trainer: Step 15300/100000 | Train Loss: 0.019615 | Test Loss: 0.019854 | LR: 0.005949
2026-02-28 22:45:57,762 [INFO] lstm_fc.training.trainer: Step 15400/100000 | Train Loss: 0.019332 | Test Loss: 0.019092 | LR: 0.005947
2026-02-28 22:45:58,599 [INFO] lstm_fc.training.trainer: Step 15500/100000 | Train Loss: 0.019940 | Test Loss: 0.022192 | LR: 0.005945
2026-02-28 22:45:59,383 [INFO] lstm_fc.training.trainer: Step 15600/100000 | Train Loss: 0.020277 | Test Loss: 0.017945 | LR: 0.005943
2026-02-28 22:46:00,226 [INFO] lstm_fc.training.trainer: Step 15700/100000 | Train Loss: 0.016492 | Test Loss: 0.020191 | LR: 0.005941
2026-02-28 22:46:01,014 [INFO] lstm_fc.training.trainer: Step 15800/100000 | Train Loss: 0.021854 | Test Loss: 0.022579 | LR: 0.005939
2026-02-28 22:46:01,796 [INFO] lstm_fc.training.trainer: Step 15900/100000 | Train Loss: 0.021575 | Test Loss: 0.021447 | LR: 0.005937
2026-02-28 22:46:02,576 [INFO] lstm_fc.training.trainer: Step 16000/100000 | Train Loss: 0.016925 | Test Loss: 0.020763 | LR: 0.005934
2026-02-28 22:46:03,415 [INFO] lstm_fc.training.trainer: Step 16100/100000 | Train Loss: 0.021107 | Test Loss: 0.020851 | LR: 0.005932
2026-02-28 22:46:04,198 [INFO] lstm_fc.training.trainer: Step 16200/100000 | Train Loss: 0.020803 | Test Loss: 0.019659 | LR: 0.005930
2026-02-28 22:46:05,039 [INFO] lstm_fc.training.trainer: Step 16300/100000 | Train Loss: 0.020054 | Test Loss: 0.021374 | LR: 0.005928
2026-02-28 22:46:05,843 [INFO] lstm_fc.training.trainer: Step 16400/100000 | Train Loss: 0.022364 | Test Loss: 0.024368 | LR: 0.005925
2026-02-28 22:46:06,634 [INFO] lstm_fc.training.trainer: Step 16500/100000 | Train Loss: 0.017265 | Test Loss: 0.020292 | LR: 0.005923
2026-02-28 22:46:07,428 [INFO] lstm_fc.training.trainer: Step 16600/100000 | Train Loss: 0.020346 | Test Loss: 0.020399 | LR: 0.005921
2026-02-28 22:46:08,358 [INFO] lstm_fc.training.trainer: Step 16700/100000 | Train Loss: 0.018564 | Test Loss: 0.019624 | LR: 0.005918
2026-02-28 22:46:09,141 [INFO] lstm_fc.training.trainer: Step 16800/100000 | Train Loss: 0.019300 | Test Loss: 0.020931 | LR: 0.005916
2026-02-28 22:46:09,980 [INFO] lstm_fc.training.trainer: Step 16900/100000 | Train Loss: 0.018663 | Test Loss: 0.022128 | LR: 0.005913
2026-02-28 22:46:10,766 [INFO] lstm_fc.training.trainer: Step 17000/100000 | Train Loss: 0.022417 | Test Loss: 0.018229 | LR: 0.005911
2026-02-28 22:46:11,557 [INFO] lstm_fc.training.trainer: Step 17100/100000 | Train Loss: 0.020021 | Test Loss: 0.019226 | LR: 0.005908
2026-02-28 22:46:12,346 [INFO] lstm_fc.training.trainer: Step 17200/100000 | Train Loss: 0.022391 | Test Loss: 0.018978 | LR: 0.005906
2026-02-28 22:46:13,186 [INFO] lstm_fc.training.trainer: Step 17300/100000 | Train Loss: 0.020240 | Test Loss: 0.019097 | LR: 0.005903
2026-02-28 22:46:13,967 [INFO] lstm_fc.training.trainer: Step 17400/100000 | Train Loss: 0.018791 | Test Loss: 0.020232 | LR: 0.005900
2026-02-28 22:46:14,806 [INFO] lstm_fc.training.trainer: Step 17500/100000 | Train Loss: 0.020971 | Test Loss: 0.022692 | LR: 0.005898
2026-02-28 22:46:15,585 [INFO] lstm_fc.training.trainer: Step 17600/100000 | Train Loss: 0.018382 | Test Loss: 0.021243 | LR: 0.005895
2026-02-28 22:46:16,367 [INFO] lstm_fc.training.trainer: Step 17700/100000 | Train Loss: 0.019595 | Test Loss: 0.020952 | LR: 0.005892
2026-02-28 22:46:17,208 [INFO] lstm_fc.training.trainer: Step 17800/100000 | Train Loss: 0.019555 | Test Loss: 0.018428 | LR: 0.005889
2026-02-28 22:46:17,999 [INFO] lstm_fc.training.trainer: Step 17900/100000 | Train Loss: 0.019978 | Test Loss: 0.018139 | LR: 0.005887
2026-02-28 22:46:18,838 [INFO] lstm_fc.training.trainer: Step 18000/100000 | Train Loss: 0.020963 | Test Loss: 0.022328 | LR: 0.005884
2026-02-28 22:46:19,617 [INFO] lstm_fc.training.trainer: Step 18100/100000 | Train Loss: 0.018244 | Test Loss: 0.017766 | LR: 0.005881
2026-02-28 22:46:20,400 [INFO] lstm_fc.training.trainer: Step 18200/100000 | Train Loss: 0.017853 | Test Loss: 0.021527 | LR: 0.005878
2026-02-28 22:46:21,181 [INFO] lstm_fc.training.trainer: Step 18300/100000 | Train Loss: 0.017949 | Test Loss: 0.018798 | LR: 0.005875
2026-02-28 22:46:22,020 [INFO] lstm_fc.training.trainer: Step 18400/100000 | Train Loss: 0.020850 | Test Loss: 0.016719 | LR: 0.005872
2026-02-28 22:46:22,807 [INFO] lstm_fc.training.trainer: Step 18500/100000 | Train Loss: 0.018811 | Test Loss: 0.020255 | LR: 0.005869
2026-02-28 22:46:23,659 [INFO] lstm_fc.training.trainer: Step 18600/100000 | Train Loss: 0.021093 | Test Loss: 0.018840 | LR: 0.005866
2026-02-28 22:46:24,440 [INFO] lstm_fc.training.trainer: Step 18700/100000 | Train Loss: 0.020542 | Test Loss: 0.020753 | LR: 0.005863
2026-02-28 22:46:25,223 [INFO] lstm_fc.training.trainer: Step 18800/100000 | Train Loss: 0.017898 | Test Loss: 0.018275 | LR: 0.005860
2026-02-28 22:46:26,005 [INFO] lstm_fc.training.trainer: Step 18900/100000 | Train Loss: 0.017951 | Test Loss: 0.018523 | LR: 0.005856
2026-02-28 22:46:26,845 [INFO] lstm_fc.training.trainer: Step 19000/100000 | Train Loss: 0.018089 | Test Loss: 0.020038 | LR: 0.005853
2026-02-28 22:46:27,625 [INFO] lstm_fc.training.trainer: Step 19100/100000 | Train Loss: 0.019528 | Test Loss: 0.020009 | LR: 0.005850
2026-02-28 22:46:28,465 [INFO] lstm_fc.training.trainer: Step 19200/100000 | Train Loss: 0.017498 | Test Loss: 0.017922 | LR: 0.005847
2026-02-28 22:46:29,257 [INFO] lstm_fc.training.trainer: Step 19300/100000 | Train Loss: 0.019015 | Test Loss: 0.017331 | LR: 0.005843
2026-02-28 22:46:30,038 [INFO] lstm_fc.training.trainer: Step 19400/100000 | Train Loss: 0.018530 | Test Loss: 0.016742 | LR: 0.005840
2026-02-28 22:46:30,905 [INFO] lstm_fc.training.trainer: Step 19500/100000 | Train Loss: 0.018560 | Test Loss: 0.017716 | LR: 0.005837
2026-02-28 22:46:31,743 [INFO] lstm_fc.training.trainer: Step 19600/100000 | Train Loss: 0.020300 | Test Loss: 0.018594 | LR: 0.005833
2026-02-28 22:46:32,523 [INFO] lstm_fc.training.trainer: Step 19700/100000 | Train Loss: 0.021400 | Test Loss: 0.017329 | LR: 0.005830
2026-02-28 22:46:33,374 [INFO] lstm_fc.training.trainer: Step 19800/100000 | Train Loss: 0.018294 | Test Loss: 0.017870 | LR: 0.005826
2026-02-28 22:46:34,160 [INFO] lstm_fc.training.trainer: Step 19900/100000 | Train Loss: 0.018250 | Test Loss: 0.017937 | LR: 0.005823
2026-02-28 22:46:34,939 [INFO] lstm_fc.training.trainer: Step 20000/100000 | Train Loss: 0.017986 | Test Loss: 0.019954 | LR: 0.005819
2026-02-28 22:46:34,940 [INFO] lstm_fc.training.trainer: Checkpoint saved: outputs/final_best_128h/checkpoint_step20000.pt
2026-02-28 22:46:35,722 [INFO] lstm_fc.training.trainer: Step 20100/100000 | Train Loss: 0.018702 | Test Loss: 0.018315 | LR: 0.005815
2026-02-28 22:46:36,564 [INFO] lstm_fc.training.trainer: Step 20200/100000 | Train Loss: 0.018683 | Test Loss: 0.018266 | LR: 0.005812
2026-02-28 22:46:37,419 [INFO] lstm_fc.training.trainer: Step 20300/100000 | Train Loss: 0.017653 | Test Loss: 0.015756 | LR: 0.005808
2026-02-28 22:46:38,203 [INFO] lstm_fc.training.trainer: Step 20400/100000 | Train Loss: 0.015877 | Test Loss: 0.018616 | LR: 0.005804
2026-02-28 22:46:38,985 [INFO] lstm_fc.training.trainer: Step 20500/100000 | Train Loss: 0.019424 | Test Loss: 0.019335 | LR: 0.005801
2026-02-28 22:46:39,766 [INFO] lstm_fc.training.trainer: Step 20600/100000 | Train Loss: 0.016745 | Test Loss: 0.018593 | LR: 0.005797
2026-02-28 22:46:40,603 [INFO] lstm_fc.training.trainer: Step 20700/100000 | Train Loss: 0.018580 | Test Loss: 0.018388 | LR: 0.005793
2026-02-28 22:46:41,385 [INFO] lstm_fc.training.trainer: Step 20800/100000 | Train Loss: 0.018969 | Test Loss: 0.016042 | LR: 0.005789
2026-02-28 22:46:42,236 [INFO] lstm_fc.training.trainer: Step 20900/100000 | Train Loss: 0.019277 | Test Loss: 0.015977 | LR: 0.005785
2026-02-28 22:46:43,019 [INFO] lstm_fc.training.trainer: Step 21000/100000 | Train Loss: 0.017304 | Test Loss: 0.018749 | LR: 0.005782
2026-02-28 22:46:43,802 [INFO] lstm_fc.training.trainer: Step 21100/100000 | Train Loss: 0.018863 | Test Loss: 0.017455 | LR: 0.005778
2026-02-28 22:46:44,585 [INFO] lstm_fc.training.trainer: Step 21200/100000 | Train Loss: 0.016855 | Test Loss: 0.017907 | LR: 0.005774
2026-02-28 22:46:45,426 [INFO] lstm_fc.training.trainer: Step 21300/100000 | Train Loss: 0.017975 | Test Loss: 0.015454 | LR: 0.005770
2026-02-28 22:46:46,210 [INFO] lstm_fc.training.trainer: Step 21400/100000 | Train Loss: 0.017722 | Test Loss: 0.015495 | LR: 0.005766
2026-02-28 22:46:47,056 [INFO] lstm_fc.training.trainer: Step 21500/100000 | Train Loss: 0.019622 | Test Loss: 0.019460 | LR: 0.005761
2026-02-28 22:46:47,844 [INFO] lstm_fc.training.trainer: Step 21600/100000 | Train Loss: 0.018356 | Test Loss: 0.018759 | LR: 0.005757
2026-02-28 22:46:48,624 [INFO] lstm_fc.training.trainer: Step 21700/100000 | Train Loss: 0.018409 | Test Loss: 0.019074 | LR: 0.005753
2026-02-28 22:46:49,410 [INFO] lstm_fc.training.trainer: Step 21800/100000 | Train Loss: 0.016579 | Test Loss: 0.018757 | LR: 0.005749
2026-02-28 22:46:50,251 [INFO] lstm_fc.training.trainer: Step 21900/100000 | Train Loss: 0.019797 | Test Loss: 0.016264 | LR: 0.005745
2026-02-28 22:46:51,033 [INFO] lstm_fc.training.trainer: Step 22000/100000 | Train Loss: 0.015576 | Test Loss: 0.017611 | LR: 0.005741
2026-02-28 22:46:51,886 [INFO] lstm_fc.training.trainer: Step 22100/100000 | Train Loss: 0.020465 | Test Loss: 0.015029 | LR: 0.005736
2026-02-28 22:46:52,669 [INFO] lstm_fc.training.trainer: Step 22200/100000 | Train Loss: 0.017462 | Test Loss: 0.017501 | LR: 0.005732
2026-02-28 22:46:53,534 [INFO] lstm_fc.training.trainer: Step 22300/100000 | Train Loss: 0.017867 | Test Loss: 0.016359 | LR: 0.005728
2026-02-28 22:46:54,315 [INFO] lstm_fc.training.trainer: Step 22400/100000 | Train Loss: 0.018094 | Test Loss: 0.018580 | LR: 0.005723
2026-02-28 22:46:55,159 [INFO] lstm_fc.training.trainer: Step 22500/100000 | Train Loss: 0.017618 | Test Loss: 0.017314 | LR: 0.005719
2026-02-28 22:46:55,941 [INFO] lstm_fc.training.trainer: Step 22600/100000 | Train Loss: 0.018168 | Test Loss: 0.016031 | LR: 0.005714
2026-02-28 22:46:56,807 [INFO] lstm_fc.training.trainer: Step 22700/100000 | Train Loss: 0.016645 | Test Loss: 0.017753 | LR: 0.005710
2026-02-28 22:46:57,596 [INFO] lstm_fc.training.trainer: Step 22800/100000 | Train Loss: 0.018898 | Test Loss: 0.019234 | LR: 0.005705
2026-02-28 22:46:58,388 [INFO] lstm_fc.training.trainer: Step 22900/100000 | Train Loss: 0.019105 | Test Loss: 0.017154 | LR: 0.005701
2026-02-28 22:46:59,239 [INFO] lstm_fc.training.trainer: Step 23000/100000 | Train Loss: 0.015586 | Test Loss: 0.017730 | LR: 0.005696
2026-02-28 22:47:00,019 [INFO] lstm_fc.training.trainer: Step 23100/100000 | Train Loss: 0.017259 | Test Loss: 0.016094 | LR: 0.005692
2026-02-28 22:47:00,860 [INFO] lstm_fc.training.trainer: Step 23200/100000 | Train Loss: 0.019197 | Test Loss: 0.018689 | LR: 0.005687
2026-02-28 22:47:01,654 [INFO] lstm_fc.training.trainer: Step 23300/100000 | Train Loss: 0.018252 | Test Loss: 0.017768 | LR: 0.005682
2026-02-28 22:47:02,440 [INFO] lstm_fc.training.trainer: Step 23400/100000 | Train Loss: 0.015983 | Test Loss: 0.017120 | LR: 0.005678
2026-02-28 22:47:03,227 [INFO] lstm_fc.training.trainer: Step 23500/100000 | Train Loss: 0.017651 | Test Loss: 0.016474 | LR: 0.005673
2026-02-28 22:47:04,068 [INFO] lstm_fc.training.trainer: Step 23600/100000 | Train Loss: 0.016852 | Test Loss: 0.015019 | LR: 0.005668
2026-02-28 22:47:04,863 [INFO] lstm_fc.training.trainer: Step 23700/100000 | Train Loss: 0.018127 | Test Loss: 0.016097 | LR: 0.005663
2026-02-28 22:47:05,711 [INFO] lstm_fc.training.trainer: Step 23800/100000 | Train Loss: 0.018265 | Test Loss: 0.016490 | LR: 0.005659
2026-02-28 22:47:06,491 [INFO] lstm_fc.training.trainer: Step 23900/100000 | Train Loss: 0.019575 | Test Loss: 0.016055 | LR: 0.005654
2026-02-28 22:47:07,274 [INFO] lstm_fc.training.trainer: Step 24000/100000 | Train Loss: 0.014551 | Test Loss: 0.015715 | LR: 0.005649
2026-02-28 22:47:08,061 [INFO] lstm_fc.training.trainer: Step 24100/100000 | Train Loss: 0.018023 | Test Loss: 0.016373 | LR: 0.005644
2026-02-28 22:47:08,907 [INFO] lstm_fc.training.trainer: Step 24200/100000 | Train Loss: 0.016833 | Test Loss: 0.017944 | LR: 0.005639
2026-02-28 22:47:09,690 [INFO] lstm_fc.training.trainer: Step 24300/100000 | Train Loss: 0.016410 | Test Loss: 0.018680 | LR: 0.005634
2026-02-28 22:47:10,528 [INFO] lstm_fc.training.trainer: Step 24400/100000 | Train Loss: 0.017073 | Test Loss: 0.019103 | LR: 0.005629
2026-02-28 22:47:11,310 [INFO] lstm_fc.training.trainer: Step 24500/100000 | Train Loss: 0.015079 | Test Loss: 0.017700 | LR: 0.005624
2026-02-28 22:47:12,101 [INFO] lstm_fc.training.trainer: Step 24600/100000 | Train Loss: 0.018075 | Test Loss: 0.017222 | LR: 0.005619
2026-02-28 22:47:12,905 [INFO] lstm_fc.training.trainer: Step 24700/100000 | Train Loss: 0.016785 | Test Loss: 0.017256 | LR: 0.005614
2026-02-28 22:47:13,750 [INFO] lstm_fc.training.trainer: Step 24800/100000 | Train Loss: 0.015852 | Test Loss: 0.019973 | LR: 0.005608
2026-02-28 22:47:14,530 [INFO] lstm_fc.training.trainer: Step 24900/100000 | Train Loss: 0.016059 | Test Loss: 0.019928 | LR: 0.005603
2026-02-28 22:47:15,450 [INFO] lstm_fc.training.trainer: Step 25000/100000 | Train Loss: 0.018380 | Test Loss: 0.018466 | LR: 0.005598
2026-02-28 22:47:16,235 [INFO] lstm_fc.training.trainer: Step 25100/100000 | Train Loss: 0.017022 | Test Loss: 0.017062 | LR: 0.005593
2026-02-28 22:47:17,022 [INFO] lstm_fc.training.trainer: Step 25200/100000 | Train Loss: 0.015294 | Test Loss: 0.014805 | LR: 0.005587
2026-02-28 22:47:17,874 [INFO] lstm_fc.training.trainer: Step 25300/100000 | Train Loss: 0.017220 | Test Loss: 0.017163 | LR: 0.005582
2026-02-28 22:47:18,664 [INFO] lstm_fc.training.trainer: Step 25400/100000 | Train Loss: 0.017305 | Test Loss: 0.016634 | LR: 0.005577
2026-02-28 22:47:19,503 [INFO] lstm_fc.training.trainer: Step 25500/100000 | Train Loss: 0.016637 | Test Loss: 0.018098 | LR: 0.005571
2026-02-28 22:47:20,285 [INFO] lstm_fc.training.trainer: Step 25600/100000 | Train Loss: 0.017049 | Test Loss: 0.017415 | LR: 0.005566
2026-02-28 22:47:21,067 [INFO] lstm_fc.training.trainer: Step 25700/100000 | Train Loss: 0.018559 | Test Loss: 0.016934 | LR: 0.005561
2026-02-28 22:47:21,851 [INFO] lstm_fc.training.trainer: Step 25800/100000 | Train Loss: 0.017898 | Test Loss: 0.015164 | LR: 0.005555
2026-02-28 22:47:22,701 [INFO] lstm_fc.training.trainer: Step 25900/100000 | Train Loss: 0.017059 | Test Loss: 0.017335 | LR: 0.005550
2026-02-28 22:47:23,491 [INFO] lstm_fc.training.trainer: Step 26000/100000 | Train Loss: 0.016874 | Test Loss: 0.016033 | LR: 0.005544
2026-02-28 22:47:24,339 [INFO] lstm_fc.training.trainer: Step 26100/100000 | Train Loss: 0.016167 | Test Loss: 0.018633 | LR: 0.005539
2026-02-28 22:47:25,119 [INFO] lstm_fc.training.trainer: Step 26200/100000 | Train Loss: 0.015575 | Test Loss: 0.015060 | LR: 0.005533
2026-02-28 22:47:25,897 [INFO] lstm_fc.training.trainer: Step 26300/100000 | Train Loss: 0.017544 | Test Loss: 0.016249 | LR: 0.005527
2026-02-28 22:47:26,679 [INFO] lstm_fc.training.trainer: Step 26400/100000 | Train Loss: 0.016663 | Test Loss: 0.017151 | LR: 0.005522
2026-02-28 22:47:27,529 [INFO] lstm_fc.training.trainer: Step 26500/100000 | Train Loss: 0.016115 | Test Loss: 0.015919 | LR: 0.005516
2026-02-28 22:47:28,313 [INFO] lstm_fc.training.trainer: Step 26600/100000 | Train Loss: 0.019350 | Test Loss: 0.017032 | LR: 0.005510
2026-02-28 22:47:29,160 [INFO] lstm_fc.training.trainer: Step 26700/100000 | Train Loss: 0.016098 | Test Loss: 0.018061 | LR: 0.005504
2026-02-28 22:47:29,941 [INFO] lstm_fc.training.trainer: Step 26800/100000 | Train Loss: 0.019749 | Test Loss: 0.014709 | LR: 0.005499
2026-02-28 22:47:30,726 [INFO] lstm_fc.training.trainer: Step 26900/100000 | Train Loss: 0.017522 | Test Loss: 0.016935 | LR: 0.005493
2026-02-28 22:47:31,511 [INFO] lstm_fc.training.trainer: Step 27000/100000 | Train Loss: 0.015897 | Test Loss: 0.018621 | LR: 0.005487
2026-02-28 22:47:32,361 [INFO] lstm_fc.training.trainer: Step 27100/100000 | Train Loss: 0.018569 | Test Loss: 0.016396 | LR: 0.005481
2026-02-28 22:47:33,148 [INFO] lstm_fc.training.trainer: Step 27200/100000 | Train Loss: 0.019146 | Test Loss: 0.015476 | LR: 0.005475
2026-02-28 22:47:33,989 [INFO] lstm_fc.training.trainer: Step 27300/100000 | Train Loss: 0.016968 | Test Loss: 0.016193 | LR: 0.005469
2026-02-28 22:47:34,773 [INFO] lstm_fc.training.trainer: Step 27400/100000 | Train Loss: 0.017900 | Test Loss: 0.016273 | LR: 0.005463
2026-02-28 22:47:35,557 [INFO] lstm_fc.training.trainer: Step 27500/100000 | Train Loss: 0.016564 | Test Loss: 0.014791 | LR: 0.005457
2026-02-28 22:47:36,342 [INFO] lstm_fc.training.trainer: Step 27600/100000 | Train Loss: 0.016386 | Test Loss: 0.018308 | LR: 0.005451
2026-02-28 22:47:37,195 [INFO] lstm_fc.training.trainer: Step 27700/100000 | Train Loss: 0.017790 | Test Loss: 0.016687 | LR: 0.005445
2026-02-28 22:47:38,066 [INFO] lstm_fc.training.trainer: Step 27800/100000 | Train Loss: 0.016223 | Test Loss: 0.015444 | LR: 0.005439
2026-02-28 22:47:38,921 [INFO] lstm_fc.training.trainer: Step 27900/100000 | Train Loss: 0.014469 | Test Loss: 0.017846 | LR: 0.005433
2026-02-28 22:47:39,714 [INFO] lstm_fc.training.trainer: Step 28000/100000 | Train Loss: 0.017466 | Test Loss: 0.016809 | LR: 0.005427
2026-02-28 22:47:40,502 [INFO] lstm_fc.training.trainer: Step 28100/100000 | Train Loss: 0.016005 | Test Loss: 0.016988 | LR: 0.005421
2026-02-28 22:47:41,351 [INFO] lstm_fc.training.trainer: Step 28200/100000 | Train Loss: 0.016468 | Test Loss: 0.015700 | LR: 0.005415
2026-02-28 22:47:42,131 [INFO] lstm_fc.training.trainer: Step 28300/100000 | Train Loss: 0.016504 | Test Loss: 0.017009 | LR: 0.005408
2026-02-28 22:47:42,968 [INFO] lstm_fc.training.trainer: Step 28400/100000 | Train Loss: 0.016723 | Test Loss: 0.015210 | LR: 0.005402
2026-02-28 22:47:43,756 [INFO] lstm_fc.training.trainer: Step 28500/100000 | Train Loss: 0.016883 | Test Loss: 0.016390 | LR: 0.005396
2026-02-28 22:47:44,534 [INFO] lstm_fc.training.trainer: Step 28600/100000 | Train Loss: 0.016552 | Test Loss: 0.015846 | LR: 0.005390
2026-02-28 22:47:45,317 [INFO] lstm_fc.training.trainer: Step 28700/100000 | Train Loss: 0.016182 | Test Loss: 0.016640 | LR: 0.005383
2026-02-28 22:47:46,158 [INFO] lstm_fc.training.trainer: Step 28800/100000 | Train Loss: 0.016519 | Test Loss: 0.016838 | LR: 0.005377
2026-02-28 22:47:46,937 [INFO] lstm_fc.training.trainer: Step 28900/100000 | Train Loss: 0.017415 | Test Loss: 0.018232 | LR: 0.005370
2026-02-28 22:47:47,777 [INFO] lstm_fc.training.trainer: Step 29000/100000 | Train Loss: 0.016619 | Test Loss: 0.019453 | LR: 0.005364
2026-02-28 22:47:48,560 [INFO] lstm_fc.training.trainer: Step 29100/100000 | Train Loss: 0.014087 | Test Loss: 0.016312 | LR: 0.005358
2026-02-28 22:47:49,340 [INFO] lstm_fc.training.trainer: Step 29200/100000 | Train Loss: 0.015501 | Test Loss: 0.015135 | LR: 0.005351
2026-02-28 22:47:50,121 [INFO] lstm_fc.training.trainer: Step 29300/100000 | Train Loss: 0.016546 | Test Loss: 0.018020 | LR: 0.005344
2026-02-28 22:47:50,959 [INFO] lstm_fc.training.trainer: Step 29400/100000 | Train Loss: 0.015735 | Test Loss: 0.016923 | LR: 0.005338
2026-02-28 22:47:51,739 [INFO] lstm_fc.training.trainer: Step 29500/100000 | Train Loss: 0.018338 | Test Loss: 0.018567 | LR: 0.005331
2026-02-28 22:47:52,575 [INFO] lstm_fc.training.trainer: Step 29600/100000 | Train Loss: 0.016118 | Test Loss: 0.016078 | LR: 0.005325
2026-02-28 22:47:53,354 [INFO] lstm_fc.training.trainer: Step 29700/100000 | Train Loss: 0.015371 | Test Loss: 0.017478 | LR: 0.005318
2026-02-28 22:47:54,143 [INFO] lstm_fc.training.trainer: Step 29800/100000 | Train Loss: 0.016715 | Test Loss: 0.017800 | LR: 0.005311
2026-02-28 22:47:54,919 [INFO] lstm_fc.training.trainer: Step 29900/100000 | Train Loss: 0.017544 | Test Loss: 0.015977 | LR: 0.005305
2026-02-28 22:47:55,756 [INFO] lstm_fc.training.trainer: Step 30000/100000 | Train Loss: 0.017920 | Test Loss: 0.017493 | LR: 0.005298
2026-02-28 22:47:56,534 [INFO] lstm_fc.training.trainer: Step 30100/100000 | Train Loss: 0.019640 | Test Loss: 0.019136 | LR: 0.005291
2026-02-28 22:47:57,370 [INFO] lstm_fc.training.trainer: Step 30200/100000 | Train Loss: 0.016831 | Test Loss: 0.017267 | LR: 0.005285
2026-02-28 22:47:58,147 [INFO] lstm_fc.training.trainer: Step 30300/100000 | Train Loss: 0.016379 | Test Loss: 0.016874 | LR: 0.005278
2026-02-28 22:47:58,926 [INFO] lstm_fc.training.trainer: Step 30400/100000 | Train Loss: 0.014476 | Test Loss: 0.015924 | LR: 0.005271
2026-02-28 22:47:59,774 [INFO] lstm_fc.training.trainer: Step 30500/100000 | Train Loss: 0.018989 | Test Loss: 0.016340 | LR: 0.005264
2026-02-28 22:48:00,629 [INFO] lstm_fc.training.trainer: Step 30600/100000 | Train Loss: 0.015251 | Test Loss: 0.015713 | LR: 0.005257
2026-02-28 22:48:01,465 [INFO] lstm_fc.training.trainer: Step 30700/100000 | Train Loss: 0.017622 | Test Loss: 0.017182 | LR: 0.005250
2026-02-28 22:48:02,264 [INFO] lstm_fc.training.trainer: Step 30800/100000 | Train Loss: 0.016501 | Test Loss: 0.018321 | LR: 0.005243
2026-02-28 22:48:03,052 [INFO] lstm_fc.training.trainer: Step 30900/100000 | Train Loss: 0.016052 | Test Loss: 0.015409 | LR: 0.005236
2026-02-28 22:48:03,836 [INFO] lstm_fc.training.trainer: Step 31000/100000 | Train Loss: 0.016698 | Test Loss: 0.016598 | LR: 0.005229
2026-02-28 22:48:04,677 [INFO] lstm_fc.training.trainer: Step 31100/100000 | Train Loss: 0.017340 | Test Loss: 0.015608 | LR: 0.005222
2026-02-28 22:48:05,456 [INFO] lstm_fc.training.trainer: Step 31200/100000 | Train Loss: 0.016179 | Test Loss: 0.015894 | LR: 0.005215
2026-02-28 22:48:06,295 [INFO] lstm_fc.training.trainer: Step 31300/100000 | Train Loss: 0.017340 | Test Loss: 0.018420 | LR: 0.005208
2026-02-28 22:48:07,083 [INFO] lstm_fc.training.trainer: Step 31400/100000 | Train Loss: 0.017367 | Test Loss: 0.016281 | LR: 0.005201
2026-02-28 22:48:07,874 [INFO] lstm_fc.training.trainer: Step 31500/100000 | Train Loss: 0.014116 | Test Loss: 0.015794 | LR: 0.005194
2026-02-28 22:48:08,651 [INFO] lstm_fc.training.trainer: Step 31600/100000 | Train Loss: 0.014670 | Test Loss: 0.017699 | LR: 0.005187
2026-02-28 22:48:09,495 [INFO] lstm_fc.training.trainer: Step 31700/100000 | Train Loss: 0.015912 | Test Loss: 0.014907 | LR: 0.005180
2026-02-28 22:48:10,277 [INFO] lstm_fc.training.trainer: Step 31800/100000 | Train Loss: 0.016458 | Test Loss: 0.014734 | LR: 0.005172
2026-02-28 22:48:11,118 [INFO] lstm_fc.training.trainer: Step 31900/100000 | Train Loss: 0.018117 | Test Loss: 0.014744 | LR: 0.005165
2026-02-28 22:48:11,897 [INFO] lstm_fc.training.trainer: Step 32000/100000 | Train Loss: 0.016180 | Test Loss: 0.015122 | LR: 0.005158
2026-02-28 22:48:12,679 [INFO] lstm_fc.training.trainer: Step 32100/100000 | Train Loss: 0.017649 | Test Loss: 0.014610 | LR: 0.005151
2026-02-28 22:48:13,465 [INFO] lstm_fc.training.trainer: Step 32200/100000 | Train Loss: 0.014675 | Test Loss: 0.016160 | LR: 0.005143
2026-02-28 22:48:14,301 [INFO] lstm_fc.training.trainer: Step 32300/100000 | Train Loss: 0.015876 | Test Loss: 0.017111 | LR: 0.005136
2026-02-28 22:48:15,078 [INFO] lstm_fc.training.trainer: Step 32400/100000 | Train Loss: 0.017616 | Test Loss: 0.015721 | LR: 0.005129
2026-02-28 22:48:15,916 [INFO] lstm_fc.training.trainer: Step 32500/100000 | Train Loss: 0.018903 | Test Loss: 0.018369 | LR: 0.005121
2026-02-28 22:48:16,695 [INFO] lstm_fc.training.trainer: Step 32600/100000 | Train Loss: 0.016031 | Test Loss: 0.015958 | LR: 0.005114
2026-02-28 22:48:17,474 [INFO] lstm_fc.training.trainer: Step 32700/100000 | Train Loss: 0.017746 | Test Loss: 0.013329 | LR: 0.005106
2026-02-28 22:48:18,312 [INFO] lstm_fc.training.trainer: Step 32800/100000 | Train Loss: 0.015793 | Test Loss: 0.015669 | LR: 0.005099
2026-02-28 22:48:19,102 [INFO] lstm_fc.training.trainer: Step 32900/100000 | Train Loss: 0.017450 | Test Loss: 0.016605 | LR: 0.005091
2026-02-28 22:48:19,939 [INFO] lstm_fc.training.trainer: Step 33000/100000 | Train Loss: 0.015460 | Test Loss: 0.016221 | LR: 0.005084
2026-02-28 22:48:20,724 [INFO] lstm_fc.training.trainer: Step 33100/100000 | Train Loss: 0.016890 | Test Loss: 0.016869 | LR: 0.005076
2026-02-28 22:48:21,499 [INFO] lstm_fc.training.trainer: Step 33200/100000 | Train Loss: 0.014997 | Test Loss: 0.015664 | LR: 0.005069
2026-02-28 22:48:22,278 [INFO] lstm_fc.training.trainer: Step 33300/100000 | Train Loss: 0.016899 | Test Loss: 0.014546 | LR: 0.005061
2026-02-28 22:48:23,199 [INFO] lstm_fc.training.trainer: Step 33400/100000 | Train Loss: 0.017519 | Test Loss: 0.017908 | LR: 0.005054
2026-02-28 22:48:23,979 [INFO] lstm_fc.training.trainer: Step 33500/100000 | Train Loss: 0.017950 | Test Loss: 0.015669 | LR: 0.005046
2026-02-28 22:48:24,837 [INFO] lstm_fc.training.trainer: Step 33600/100000 | Train Loss: 0.017343 | Test Loss: 0.017219 | LR: 0.005038
2026-02-28 22:48:25,612 [INFO] lstm_fc.training.trainer: Step 33700/100000 | Train Loss: 0.016594 | Test Loss: 0.016766 | LR: 0.005031
2026-02-28 22:48:26,392 [INFO] lstm_fc.training.trainer: Step 33800/100000 | Train Loss: 0.018182 | Test Loss: 0.014739 | LR: 0.005023
2026-02-28 22:48:27,172 [INFO] lstm_fc.training.trainer: Step 33900/100000 | Train Loss: 0.017061 | Test Loss: 0.016203 | LR: 0.005015
2026-02-28 22:48:28,007 [INFO] lstm_fc.training.trainer: Step 34000/100000 | Train Loss: 0.017353 | Test Loss: 0.016555 | LR: 0.005007
2026-02-28 22:48:28,789 [INFO] lstm_fc.training.trainer: Step 34100/100000 | Train Loss: 0.017325 | Test Loss: 0.015583 | LR: 0.005000
2026-02-28 22:48:29,637 [INFO] lstm_fc.training.trainer: Step 34200/100000 | Train Loss: 0.015505 | Test Loss: 0.015735 | LR: 0.004992
2026-02-28 22:48:30,419 [INFO] lstm_fc.training.trainer: Step 34300/100000 | Train Loss: 0.017034 | Test Loss: 0.018237 | LR: 0.004984
2026-02-28 22:48:31,199 [INFO] lstm_fc.training.trainer: Step 34400/100000 | Train Loss: 0.019785 | Test Loss: 0.015861 | LR: 0.004976
2026-02-28 22:48:31,977 [INFO] lstm_fc.training.trainer: Step 34500/100000 | Train Loss: 0.014078 | Test Loss: 0.012869 | LR: 0.004968
2026-02-28 22:48:32,814 [INFO] lstm_fc.training.trainer: Step 34600/100000 | Train Loss: 0.016013 | Test Loss: 0.014567 | LR: 0.004960
2026-02-28 22:48:33,599 [INFO] lstm_fc.training.trainer: Step 34700/100000 | Train Loss: 0.017890 | Test Loss: 0.016698 | LR: 0.004952
2026-02-28 22:48:34,446 [INFO] lstm_fc.training.trainer: Step 34800/100000 | Train Loss: 0.015828 | Test Loss: 0.016276 | LR: 0.004944
2026-02-28 22:48:35,235 [INFO] lstm_fc.training.trainer: Step 34900/100000 | Train Loss: 0.015970 | Test Loss: 0.017369 | LR: 0.004936
2026-02-28 22:48:36,012 [INFO] lstm_fc.training.trainer: Step 35000/100000 | Train Loss: 0.014895 | Test Loss: 0.017014 | LR: 0.004928
2026-02-28 22:48:36,791 [INFO] lstm_fc.training.trainer: Step 35100/100000 | Train Loss: 0.017648 | Test Loss: 0.013505 | LR: 0.004920
2026-02-28 22:48:37,637 [INFO] lstm_fc.training.trainer: Step 35200/100000 | Train Loss: 0.014868 | Test Loss: 0.015982 | LR: 0.004912
2026-02-28 22:48:38,416 [INFO] lstm_fc.training.trainer: Step 35300/100000 | Train Loss: 0.015385 | Test Loss: 0.016173 | LR: 0.004904
2026-02-28 22:48:39,255 [INFO] lstm_fc.training.trainer: Step 35400/100000 | Train Loss: 0.015709 | Test Loss: 0.015358 | LR: 0.004896
2026-02-28 22:48:40,033 [INFO] lstm_fc.training.trainer: Step 35500/100000 | Train Loss: 0.017413 | Test Loss: 0.015229 | LR: 0.004888
2026-02-28 22:48:40,812 [INFO] lstm_fc.training.trainer: Step 35600/100000 | Train Loss: 0.014365 | Test Loss: 0.017026 | LR: 0.004880
2026-02-28 22:48:41,646 [INFO] lstm_fc.training.trainer: Step 35700/100000 | Train Loss: 0.015153 | Test Loss: 0.014106 | LR: 0.004872
2026-02-28 22:48:42,433 [INFO] lstm_fc.training.trainer: Step 35800/100000 | Train Loss: 0.017514 | Test Loss: 0.013865 | LR: 0.004863
2026-02-28 22:48:43,274 [INFO] lstm_fc.training.trainer: Step 35900/100000 | Train Loss: 0.013800 | Test Loss: 0.015948 | LR: 0.004855
2026-02-28 22:48:44,051 [INFO] lstm_fc.training.trainer: Step 36000/100000 | Train Loss: 0.016301 | Test Loss: 0.016224 | LR: 0.004847
2026-02-28 22:48:44,905 [INFO] lstm_fc.training.trainer: Step 36100/100000 | Train Loss: 0.014962 | Test Loss: 0.013993 | LR: 0.004839
2026-02-28 22:48:45,687 [INFO] lstm_fc.training.trainer: Step 36200/100000 | Train Loss: 0.014678 | Test Loss: 0.017628 | LR: 0.004830
2026-02-28 22:48:46,524 [INFO] lstm_fc.training.trainer: Step 36300/100000 | Train Loss: 0.014093 | Test Loss: 0.014689 | LR: 0.004822
2026-02-28 22:48:47,315 [INFO] lstm_fc.training.trainer: Step 36400/100000 | Train Loss: 0.016308 | Test Loss: 0.016024 | LR: 0.004814
2026-02-28 22:48:48,167 [INFO] lstm_fc.training.trainer: Step 36500/100000 | Train Loss: 0.015485 | Test Loss: 0.017327 | LR: 0.004805
2026-02-28 22:48:48,944 [INFO] lstm_fc.training.trainer: Step 36600/100000 | Train Loss: 0.016867 | Test Loss: 0.014992 | LR: 0.004797
2026-02-28 22:48:49,734 [INFO] lstm_fc.training.trainer: Step 36700/100000 | Train Loss: 0.017497 | Test Loss: 0.015516 | LR: 0.004789
2026-02-28 22:48:50,521 [INFO] lstm_fc.training.trainer: Step 36800/100000 | Train Loss: 0.013529 | Test Loss: 0.015842 | LR: 0.004780
2026-02-28 22:48:51,371 [INFO] lstm_fc.training.trainer: Step 36900/100000 | Train Loss: 0.013894 | Test Loss: 0.015124 | LR: 0.004772
2026-02-28 22:48:52,155 [INFO] lstm_fc.training.trainer: Step 37000/100000 | Train Loss: 0.016143 | Test Loss: 0.016218 | LR: 0.004763
2026-02-28 22:48:52,990 [INFO] lstm_fc.training.trainer: Step 37100/100000 | Train Loss: 0.014985 | Test Loss: 0.016111 | LR: 0.004755
2026-02-28 22:48:53,770 [INFO] lstm_fc.training.trainer: Step 37200/100000 | Train Loss: 0.015252 | Test Loss: 0.015370 | LR: 0.004746
2026-02-28 22:48:54,549 [INFO] lstm_fc.training.trainer: Step 37300/100000 | Train Loss: 0.015625 | Test Loss: 0.014751 | LR: 0.004738
2026-02-28 22:48:55,338 [INFO] lstm_fc.training.trainer: Step 37400/100000 | Train Loss: 0.013412 | Test Loss: 0.014135 | LR: 0.004729
2026-02-28 22:48:56,189 [INFO] lstm_fc.training.trainer: Step 37500/100000 | Train Loss: 0.015903 | Test Loss: 0.016890 | LR: 0.004721
2026-02-28 22:48:56,981 [INFO] lstm_fc.training.trainer: Step 37600/100000 | Train Loss: 0.015523 | Test Loss: 0.015380 | LR: 0.004712
2026-02-28 22:48:57,818 [INFO] lstm_fc.training.trainer: Step 37700/100000 | Train Loss: 0.015770 | Test Loss: 0.013742 | LR: 0.004703
2026-02-28 22:48:58,594 [INFO] lstm_fc.training.trainer: Step 37800/100000 | Train Loss: 0.014006 | Test Loss: 0.014480 | LR: 0.004695
2026-02-28 22:48:59,373 [INFO] lstm_fc.training.trainer: Step 37900/100000 | Train Loss: 0.016987 | Test Loss: 0.016477 | LR: 0.004686
2026-02-28 22:49:00,209 [INFO] lstm_fc.training.trainer: Step 38000/100000 | Train Loss: 0.015289 | Test Loss: 0.015531 | LR: 0.004677
2026-02-28 22:49:00,994 [INFO] lstm_fc.training.trainer: Step 38100/100000 | Train Loss: 0.017717 | Test Loss: 0.013864 | LR: 0.004669
2026-02-28 22:49:01,830 [INFO] lstm_fc.training.trainer: Step 38200/100000 | Train Loss: 0.013897 | Test Loss: 0.013482 | LR: 0.004660
2026-02-28 22:49:02,607 [INFO] lstm_fc.training.trainer: Step 38300/100000 | Train Loss: 0.018314 | Test Loss: 0.013916 | LR: 0.004651
2026-02-28 22:49:03,388 [INFO] lstm_fc.training.trainer: Step 38400/100000 | Train Loss: 0.015391 | Test Loss: 0.016059 | LR: 0.004643
2026-02-28 22:49:04,167 [INFO] lstm_fc.training.trainer: Step 38500/100000 | Train Loss: 0.015490 | Test Loss: 0.012448 | LR: 0.004634
2026-02-28 22:49:05,001 [INFO] lstm_fc.training.trainer: Step 38600/100000 | Train Loss: 0.016668 | Test Loss: 0.014642 | LR: 0.004625
2026-02-28 22:49:05,789 [INFO] lstm_fc.training.trainer: Step 38700/100000 | Train Loss: 0.016563 | Test Loss: 0.014680 | LR: 0.004616
2026-02-28 22:49:06,623 [INFO] lstm_fc.training.trainer: Step 38800/100000 | Train Loss: 0.015617 | Test Loss: 0.013408 | LR: 0.004607
2026-02-28 22:49:07,483 [INFO] lstm_fc.training.trainer: Step 38900/100000 | Train Loss: 0.013714 | Test Loss: 0.015335 | LR: 0.004599
2026-02-28 22:49:08,262 [INFO] lstm_fc.training.trainer: Step 39000/100000 | Train Loss: 0.015130 | Test Loss: 0.014896 | LR: 0.004590
2026-02-28 22:49:09,038 [INFO] lstm_fc.training.trainer: Step 39100/100000 | Train Loss: 0.016568 | Test Loss: 0.018294 | LR: 0.004581
2026-02-28 22:49:09,880 [INFO] lstm_fc.training.trainer: Step 39200/100000 | Train Loss: 0.013015 | Test Loss: 0.013723 | LR: 0.004572
2026-02-28 22:49:10,658 [INFO] lstm_fc.training.trainer: Step 39300/100000 | Train Loss: 0.017016 | Test Loss: 0.015019 | LR: 0.004563
2026-02-28 22:49:11,501 [INFO] lstm_fc.training.trainer: Step 39400/100000 | Train Loss: 0.014196 | Test Loss: 0.016043 | LR: 0.004554
2026-02-28 22:49:12,281 [INFO] lstm_fc.training.trainer: Step 39500/100000 | Train Loss: 0.016429 | Test Loss: 0.012420 | LR: 0.004545
2026-02-28 22:49:13,060 [INFO] lstm_fc.training.trainer: Step 39600/100000 | Train Loss: 0.017087 | Test Loss: 0.015793 | LR: 0.004536
2026-02-28 22:49:13,855 [INFO] lstm_fc.training.trainer: Step 39700/100000 | Train Loss: 0.014822 | Test Loss: 0.016600 | LR: 0.004527
2026-02-28 22:49:14,692 [INFO] lstm_fc.training.trainer: Step 39800/100000 | Train Loss: 0.013325 | Test Loss: 0.015448 | LR: 0.004518
2026-02-28 22:49:15,470 [INFO] lstm_fc.training.trainer: Step 39900/100000 | Train Loss: 0.016028 | Test Loss: 0.014492 | LR: 0.004509
2026-02-28 22:49:16,312 [INFO] lstm_fc.training.trainer: Step 40000/100000 | Train Loss: 0.015332 | Test Loss: 0.013921 | LR: 0.004500
2026-02-28 22:49:16,313 [INFO] lstm_fc.training.trainer: Checkpoint saved: outputs/final_best_128h/checkpoint_step40000.pt
2026-02-28 22:49:17,091 [INFO] lstm_fc.training.trainer: Step 40100/100000 | Train Loss: 0.015776 | Test Loss: 0.014067 | LR: 0.004491
2026-02-28 22:49:17,870 [INFO] lstm_fc.training.trainer: Step 40200/100000 | Train Loss: 0.017042 | Test Loss: 0.014204 | LR: 0.004482
2026-02-28 22:49:18,708 [INFO] lstm_fc.training.trainer: Step 40300/100000 | Train Loss: 0.016033 | Test Loss: 0.013653 | LR: 0.004473
2026-02-28 22:49:19,487 [INFO] lstm_fc.training.trainer: Step 40400/100000 | Train Loss: 0.016594 | Test Loss: 0.017496 | LR: 0.004463
2026-02-28 22:49:20,327 [INFO] lstm_fc.training.trainer: Step 40500/100000 | Train Loss: 0.015855 | Test Loss: 0.016469 | LR: 0.004454
2026-02-28 22:49:21,118 [INFO] lstm_fc.training.trainer: Step 40600/100000 | Train Loss: 0.016025 | Test Loss: 0.017142 | LR: 0.004445
2026-02-28 22:49:21,896 [INFO] lstm_fc.training.trainer: Step 40700/100000 | Train Loss: 0.014683 | Test Loss: 0.018141 | LR: 0.004436
2026-02-28 22:49:22,676 [INFO] lstm_fc.training.trainer: Step 40800/100000 | Train Loss: 0.016701 | Test Loss: 0.014984 | LR: 0.004427
2026-02-28 22:49:23,514 [INFO] lstm_fc.training.trainer: Step 40900/100000 | Train Loss: 0.017527 | Test Loss: 0.014959 | LR: 0.004418
2026-02-28 22:49:24,299 [INFO] lstm_fc.training.trainer: Step 41000/100000 | Train Loss: 0.016562 | Test Loss: 0.016543 | LR: 0.004408
2026-02-28 22:49:25,141 [INFO] lstm_fc.training.trainer: Step 41100/100000 | Train Loss: 0.015176 | Test Loss: 0.014398 | LR: 0.004399
2026-02-28 22:49:25,921 [INFO] lstm_fc.training.trainer: Step 41200/100000 | Train Loss: 0.017061 | Test Loss: 0.016951 | LR: 0.004390
2026-02-28 22:49:26,709 [INFO] lstm_fc.training.trainer: Step 41300/100000 | Train Loss: 0.018746 | Test Loss: 0.015989 | LR: 0.004381
2026-02-28 22:49:27,485 [INFO] lstm_fc.training.trainer: Step 41400/100000 | Train Loss: 0.016549 | Test Loss: 0.015242 | LR: 0.004371
2026-02-28 22:49:28,323 [INFO] lstm_fc.training.trainer: Step 41500/100000 | Train Loss: 0.016973 | Test Loss: 0.017005 | LR: 0.004362
2026-02-28 22:49:29,103 [INFO] lstm_fc.training.trainer: Step 41600/100000 | Train Loss: 0.013930 | Test Loss: 0.015527 | LR: 0.004353
2026-02-28 22:49:30,019 [INFO] lstm_fc.training.trainer: Step 41700/100000 | Train Loss: 0.015795 | Test Loss: 0.015149 | LR: 0.004343
2026-02-28 22:49:30,801 [INFO] lstm_fc.training.trainer: Step 41800/100000 | Train Loss: 0.015424 | Test Loss: 0.013479 | LR: 0.004334
2026-02-28 22:49:31,578 [INFO] lstm_fc.training.trainer: Step 41900/100000 | Train Loss: 0.015220 | Test Loss: 0.015861 | LR: 0.004324
2026-02-28 22:49:32,357 [INFO] lstm_fc.training.trainer: Step 42000/100000 | Train Loss: 0.015867 | Test Loss: 0.014964 | LR: 0.004315
2026-02-28 22:49:33,204 [INFO] lstm_fc.training.trainer: Step 42100/100000 | Train Loss: 0.015415 | Test Loss: 0.017087 | LR: 0.004306
2026-02-28 22:49:33,983 [INFO] lstm_fc.training.trainer: Step 42200/100000 | Train Loss: 0.015913 | Test Loss: 0.014267 | LR: 0.004296
2026-02-28 22:49:34,823 [INFO] lstm_fc.training.trainer: Step 42300/100000 | Train Loss: 0.014331 | Test Loss: 0.014561 | LR: 0.004287
2026-02-28 22:49:35,604 [INFO] lstm_fc.training.trainer: Step 42400/100000 | Train Loss: 0.016650 | Test Loss: 0.013350 | LR: 0.004277
2026-02-28 22:49:36,389 [INFO] lstm_fc.training.trainer: Step 42500/100000 | Train Loss: 0.015684 | Test Loss: 0.014500 | LR: 0.004268
2026-02-28 22:49:37,172 [INFO] lstm_fc.training.trainer: Step 42600/100000 | Train Loss: 0.015566 | Test Loss: 0.014768 | LR: 0.004258
2026-02-28 22:49:38,011 [INFO] lstm_fc.training.trainer: Step 42700/100000 | Train Loss: 0.015578 | Test Loss: 0.012857 | LR: 0.004249
2026-02-28 22:49:38,790 [INFO] lstm_fc.training.trainer: Step 42800/100000 | Train Loss: 0.018487 | Test Loss: 0.015148 | LR: 0.004239
2026-02-28 22:49:39,631 [INFO] lstm_fc.training.trainer: Step 42900/100000 | Train Loss: 0.016403 | Test Loss: 0.016080 | LR: 0.004230
2026-02-28 22:49:40,411 [INFO] lstm_fc.training.trainer: Step 43000/100000 | Train Loss: 0.016922 | Test Loss: 0.014779 | LR: 0.004220
2026-02-28 22:49:41,191 [INFO] lstm_fc.training.trainer: Step 43100/100000 | Train Loss: 0.015602 | Test Loss: 0.012528 | LR: 0.004211
2026-02-28 22:49:42,025 [INFO] lstm_fc.training.trainer: Step 43200/100000 | Train Loss: 0.012691 | Test Loss: 0.017134 | LR: 0.004201
2026-02-28 22:49:42,805 [INFO] lstm_fc.training.trainer: Step 43300/100000 | Train Loss: 0.014670 | Test Loss: 0.015153 | LR: 0.004191
2026-02-28 22:49:43,648 [INFO] lstm_fc.training.trainer: Step 43400/100000 | Train Loss: 0.018791 | Test Loss: 0.014614 | LR: 0.004182
2026-02-28 22:49:44,431 [INFO] lstm_fc.training.trainer: Step 43500/100000 | Train Loss: 0.014982 | Test Loss: 0.016118 | LR: 0.004172
2026-02-28 22:49:45,212 [INFO] lstm_fc.training.trainer: Step 43600/100000 | Train Loss: 0.014002 | Test Loss: 0.016043 | LR: 0.004162
2026-02-28 22:49:45,989 [INFO] lstm_fc.training.trainer: Step 43700/100000 | Train Loss: 0.016222 | Test Loss: 0.015641 | LR: 0.004153
2026-02-28 22:49:46,830 [INFO] lstm_fc.training.trainer: Step 43800/100000 | Train Loss: 0.016219 | Test Loss: 0.014438 | LR: 0.004143
2026-02-28 22:49:47,623 [INFO] lstm_fc.training.trainer: Step 43900/100000 | Train Loss: 0.014351 | Test Loss: 0.014975 | LR: 0.004133
2026-02-28 22:49:48,464 [INFO] lstm_fc.training.trainer: Step 44000/100000 | Train Loss: 0.015222 | Test Loss: 0.014839 | LR: 0.004124
2026-02-28 22:49:49,247 [INFO] lstm_fc.training.trainer: Step 44100/100000 | Train Loss: 0.018085 | Test Loss: 0.015426 | LR: 0.004114
2026-02-28 22:49:50,028 [INFO] lstm_fc.training.trainer: Step 44200/100000 | Train Loss: 0.018070 | Test Loss: 0.014125 | LR: 0.004104
2026-02-28 22:49:50,809 [INFO] lstm_fc.training.trainer: Step 44300/100000 | Train Loss: 0.014695 | Test Loss: 0.015667 | LR: 0.004095
2026-02-28 22:49:51,641 [INFO] lstm_fc.training.trainer: Step 44400/100000 | Train Loss: 0.014571 | Test Loss: 0.016925 | LR: 0.004085
2026-02-28 22:49:52,509 [INFO] lstm_fc.training.trainer: Step 44500/100000 | Train Loss: 0.013363 | Test Loss: 0.016531 | LR: 0.004075
2026-02-28 22:49:53,345 [INFO] lstm_fc.training.trainer: Step 44600/100000 | Train Loss: 0.015167 | Test Loss: 0.014522 | LR: 0.004065
2026-02-28 22:49:54,125 [INFO] lstm_fc.training.trainer: Step 44700/100000 | Train Loss: 0.016078 | Test Loss: 0.014397 | LR: 0.004055
2026-02-28 22:49:54,905 [INFO] lstm_fc.training.trainer: Step 44800/100000 | Train Loss: 0.015761 | Test Loss: 0.014186 | LR: 0.004046
2026-02-28 22:49:55,689 [INFO] lstm_fc.training.trainer: Step 44900/100000 | Train Loss: 0.015248 | Test Loss: 0.013938 | LR: 0.004036
2026-02-28 22:49:56,528 [INFO] lstm_fc.training.trainer: Step 45000/100000 | Train Loss: 0.015279 | Test Loss: 0.016830 | LR: 0.004026
2026-02-28 22:49:57,313 [INFO] lstm_fc.training.trainer: Step 45100/100000 | Train Loss: 0.015427 | Test Loss: 0.015363 | LR: 0.004016
2026-02-28 22:49:58,165 [INFO] lstm_fc.training.trainer: Step 45200/100000 | Train Loss: 0.017191 | Test Loss: 0.014869 | LR: 0.004006
2026-02-28 22:49:58,947 [INFO] lstm_fc.training.trainer: Step 45300/100000 | Train Loss: 0.015916 | Test Loss: 0.013556 | LR: 0.003996
2026-02-28 22:49:59,731 [INFO] lstm_fc.training.trainer: Step 45400/100000 | Train Loss: 0.016316 | Test Loss: 0.014184 | LR: 0.003987
2026-02-28 22:50:00,573 [INFO] lstm_fc.training.trainer: Step 45500/100000 | Train Loss: 0.015549 | Test Loss: 0.016820 | LR: 0.003977
2026-02-28 22:50:01,356 [INFO] lstm_fc.training.trainer: Step 45600/100000 | Train Loss: 0.013778 | Test Loss: 0.016270 | LR: 0.003967
2026-02-28 22:50:02,196 [INFO] lstm_fc.training.trainer: Step 45700/100000 | Train Loss: 0.014683 | Test Loss: 0.015547 | LR: 0.003957
2026-02-28 22:50:02,974 [INFO] lstm_fc.training.trainer: Step 45800/100000 | Train Loss: 0.016170 | Test Loss: 0.015660 | LR: 0.003947
2026-02-28 22:50:03,766 [INFO] lstm_fc.training.trainer: Step 45900/100000 | Train Loss: 0.014997 | Test Loss: 0.015898 | LR: 0.003937
2026-02-28 22:50:04,544 [INFO] lstm_fc.training.trainer: Step 46000/100000 | Train Loss: 0.017482 | Test Loss: 0.015007 | LR: 0.003927
2026-02-28 22:50:05,381 [INFO] lstm_fc.training.trainer: Step 46100/100000 | Train Loss: 0.013537 | Test Loss: 0.014504 | LR: 0.003917
2026-02-28 22:50:06,161 [INFO] lstm_fc.training.trainer: Step 46200/100000 | Train Loss: 0.015547 | Test Loss: 0.014326 | LR: 0.003907
2026-02-28 22:50:07,002 [INFO] lstm_fc.training.trainer: Step 46300/100000 | Train Loss: 0.014630 | Test Loss: 0.016264 | LR: 0.003897
2026-02-28 22:50:07,786 [INFO] lstm_fc.training.trainer: Step 46400/100000 | Train Loss: 0.015726 | Test Loss: 0.016933 | LR: 0.003887
2026-02-28 22:50:08,568 [INFO] lstm_fc.training.trainer: Step 46500/100000 | Train Loss: 0.015411 | Test Loss: 0.013964 | LR: 0.003877
2026-02-28 22:50:09,356 [INFO] lstm_fc.training.trainer: Step 46600/100000 | Train Loss: 0.014823 | Test Loss: 0.014728 | LR: 0.003867
2026-02-28 22:50:10,195 [INFO] lstm_fc.training.trainer: Step 46700/100000 | Train Loss: 0.015743 | Test Loss: 0.015005 | LR: 0.003857
2026-02-28 22:50:10,974 [INFO] lstm_fc.training.trainer: Step 46800/100000 | Train Loss: 0.017829 | Test Loss: 0.013085 | LR: 0.003847
2026-02-28 22:50:11,810 [INFO] lstm_fc.training.trainer: Step 46900/100000 | Train Loss: 0.015483 | Test Loss: 0.014463 | LR: 0.003837
2026-02-28 22:50:12,589 [INFO] lstm_fc.training.trainer: Step 47000/100000 | Train Loss: 0.012666 | Test Loss: 0.017969 | LR: 0.003827
2026-02-28 22:50:13,370 [INFO] lstm_fc.training.trainer: Step 47100/100000 | Train Loss: 0.015538 | Test Loss: 0.017694 | LR: 0.003817
2026-02-28 22:50:14,225 [INFO] lstm_fc.training.trainer: Step 47200/100000 | Train Loss: 0.017627 | Test Loss: 0.014430 | LR: 0.003807
2026-02-28 22:50:15,067 [INFO] lstm_fc.training.trainer: Step 47300/100000 | Train Loss: 0.015737 | Test Loss: 0.016134 | LR: 0.003797
2026-02-28 22:50:15,848 [INFO] lstm_fc.training.trainer: Step 47400/100000 | Train Loss: 0.014722 | Test Loss: 0.015716 | LR: 0.003786
2026-02-28 22:50:16,683 [INFO] lstm_fc.training.trainer: Step 47500/100000 | Train Loss: 0.014801 | Test Loss: 0.015814 | LR: 0.003776
2026-02-28 22:50:17,461 [INFO] lstm_fc.training.trainer: Step 47600/100000 | Train Loss: 0.014558 | Test Loss: 0.017112 | LR: 0.003766
2026-02-28 22:50:18,241 [INFO] lstm_fc.training.trainer: Step 47700/100000 | Train Loss: 0.014718 | Test Loss: 0.013023 | LR: 0.003756
2026-02-28 22:50:19,078 [INFO] lstm_fc.training.trainer: Step 47800/100000 | Train Loss: 0.015513 | Test Loss: 0.012627 | LR: 0.003746
2026-02-28 22:50:19,871 [INFO] lstm_fc.training.trainer: Step 47900/100000 | Train Loss: 0.017202 | Test Loss: 0.014399 | LR: 0.003736
2026-02-28 22:50:20,711 [INFO] lstm_fc.training.trainer: Step 48000/100000 | Train Loss: 0.016507 | Test Loss: 0.014473 | LR: 0.003726
2026-02-28 22:50:21,488 [INFO] lstm_fc.training.trainer: Step 48100/100000 | Train Loss: 0.015342 | Test Loss: 0.013208 | LR: 0.003716
2026-02-28 22:50:22,272 [INFO] lstm_fc.training.trainer: Step 48200/100000 | Train Loss: 0.013352 | Test Loss: 0.014461 | LR: 0.003705
2026-02-28 22:50:23,054 [INFO] lstm_fc.training.trainer: Step 48300/100000 | Train Loss: 0.015343 | Test Loss: 0.014627 | LR: 0.003695
2026-02-28 22:50:23,893 [INFO] lstm_fc.training.trainer: Step 48400/100000 | Train Loss: 0.013572 | Test Loss: 0.014434 | LR: 0.003685
2026-02-28 22:50:24,688 [INFO] lstm_fc.training.trainer: Step 48500/100000 | Train Loss: 0.015739 | Test Loss: 0.014004 | LR: 0.003675
2026-02-28 22:50:25,530 [INFO] lstm_fc.training.trainer: Step 48600/100000 | Train Loss: 0.016388 | Test Loss: 0.013762 | LR: 0.003665
2026-02-28 22:50:26,314 [INFO] lstm_fc.training.trainer: Step 48700/100000 | Train Loss: 0.016988 | Test Loss: 0.014090 | LR: 0.003654
2026-02-28 22:50:27,095 [INFO] lstm_fc.training.trainer: Step 48800/100000 | Train Loss: 0.016683 | Test Loss: 0.015524 | LR: 0.003644
2026-02-28 22:50:27,877 [INFO] lstm_fc.training.trainer: Step 48900/100000 | Train Loss: 0.015452 | Test Loss: 0.016091 | LR: 0.003634
2026-02-28 22:50:28,718 [INFO] lstm_fc.training.trainer: Step 49000/100000 | Train Loss: 0.014727 | Test Loss: 0.013500 | LR: 0.003624
2026-02-28 22:50:29,508 [INFO] lstm_fc.training.trainer: Step 49100/100000 | Train Loss: 0.015660 | Test Loss: 0.015649 | LR: 0.003613
2026-02-28 22:50:30,353 [INFO] lstm_fc.training.trainer: Step 49200/100000 | Train Loss: 0.017065 | Test Loss: 0.014811 | LR: 0.003603
2026-02-28 22:50:31,135 [INFO] lstm_fc.training.trainer: Step 49300/100000 | Train Loss: 0.013565 | Test Loss: 0.015248 | LR: 0.003593
2026-02-28 22:50:31,918 [INFO] lstm_fc.training.trainer: Step 49400/100000 | Train Loss: 0.016741 | Test Loss: 0.012753 | LR: 0.003583
2026-02-28 22:50:32,700 [INFO] lstm_fc.training.trainer: Step 49500/100000 | Train Loss: 0.015069 | Test Loss: 0.014271 | LR: 0.003572
2026-02-28 22:50:33,539 [INFO] lstm_fc.training.trainer: Step 49600/100000 | Train Loss: 0.014133 | Test Loss: 0.014932 | LR: 0.003562
2026-02-28 22:50:34,323 [INFO] lstm_fc.training.trainer: Step 49700/100000 | Train Loss: 0.013980 | Test Loss: 0.014370 | LR: 0.003552
2026-02-28 22:50:35,177 [INFO] lstm_fc.training.trainer: Step 49800/100000 | Train Loss: 0.014236 | Test Loss: 0.017617 | LR: 0.003541
2026-02-28 22:50:35,958 [INFO] lstm_fc.training.trainer: Step 49900/100000 | Train Loss: 0.014892 | Test Loss: 0.017016 | LR: 0.003531
2026-02-28 22:50:36,820 [INFO] lstm_fc.training.trainer: Step 50000/100000 | Train Loss: 0.015640 | Test Loss: 0.012717 | LR: 0.003521
2026-02-28 22:50:37,596 [INFO] lstm_fc.training.trainer: Step 50100/100000 | Train Loss: 0.017486 | Test Loss: 0.014159 | LR: 0.003511
2026-02-28 22:50:38,468 [INFO] lstm_fc.training.trainer: Step 50200/100000 | Train Loss: 0.014650 | Test Loss: 0.014831 | LR: 0.003500
2026-02-28 22:50:39,263 [INFO] lstm_fc.training.trainer: Step 50300/100000 | Train Loss: 0.015677 | Test Loss: 0.013594 | LR: 0.003490
2026-02-28 22:50:40,108 [INFO] lstm_fc.training.trainer: Step 50400/100000 | Train Loss: 0.015428 | Test Loss: 0.017117 | LR: 0.003480
2026-02-28 22:50:40,885 [INFO] lstm_fc.training.trainer: Step 50500/100000 | Train Loss: 0.016235 | Test Loss: 0.016140 | LR: 0.003469
2026-02-28 22:50:41,664 [INFO] lstm_fc.training.trainer: Step 50600/100000 | Train Loss: 0.016593 | Test Loss: 0.018834 | LR: 0.003459
2026-02-28 22:50:42,502 [INFO] lstm_fc.training.trainer: Step 50700/100000 | Train Loss: 0.014533 | Test Loss: 0.013066 | LR: 0.003449
2026-02-28 22:50:43,303 [INFO] lstm_fc.training.trainer: Step 50800/100000 | Train Loss: 0.015147 | Test Loss: 0.015899 | LR: 0.003438
2026-02-28 22:50:44,152 [INFO] lstm_fc.training.trainer: Step 50900/100000 | Train Loss: 0.013295 | Test Loss: 0.017868 | LR: 0.003428
2026-02-28 22:50:44,935 [INFO] lstm_fc.training.trainer: Step 51000/100000 | Train Loss: 0.015129 | Test Loss: 0.014229 | LR: 0.003417
2026-02-28 22:50:45,717 [INFO] lstm_fc.training.trainer: Step 51100/100000 | Train Loss: 0.016670 | Test Loss: 0.016920 | LR: 0.003407
2026-02-28 22:50:46,498 [INFO] lstm_fc.training.trainer: Step 51200/100000 | Train Loss: 0.013830 | Test Loss: 0.012750 | LR: 0.003397
2026-02-28 22:50:47,349 [INFO] lstm_fc.training.trainer: Step 51300/100000 | Train Loss: 0.017517 | Test Loss: 0.013151 | LR: 0.003386
2026-02-28 22:50:48,131 [INFO] lstm_fc.training.trainer: Step 51400/100000 | Train Loss: 0.017722 | Test Loss: 0.016450 | LR: 0.003376
2026-02-28 22:50:48,967 [INFO] lstm_fc.training.trainer: Step 51500/100000 | Train Loss: 0.018051 | Test Loss: 0.014579 | LR: 0.003366
2026-02-28 22:50:49,751 [INFO] lstm_fc.training.trainer: Step 51600/100000 | Train Loss: 0.015287 | Test Loss: 0.013708 | LR: 0.003355
2026-02-28 22:50:50,531 [INFO] lstm_fc.training.trainer: Step 51700/100000 | Train Loss: 0.014667 | Test Loss: 0.014564 | LR: 0.003345
2026-02-28 22:50:51,311 [INFO] lstm_fc.training.trainer: Step 51800/100000 | Train Loss: 0.013875 | Test Loss: 0.015126 | LR: 0.003334
2026-02-28 22:50:52,159 [INFO] lstm_fc.training.trainer: Step 51900/100000 | Train Loss: 0.014714 | Test Loss: 0.014983 | LR: 0.003324
2026-02-28 22:50:52,939 [INFO] lstm_fc.training.trainer: Step 52000/100000 | Train Loss: 0.014767 | Test Loss: 0.013125 | LR: 0.003313
2026-02-28 22:50:53,783 [INFO] lstm_fc.training.trainer: Step 52100/100000 | Train Loss: 0.013491 | Test Loss: 0.014990 | LR: 0.003303
2026-02-28 22:50:54,561 [INFO] lstm_fc.training.trainer: Step 52200/100000 | Train Loss: 0.015575 | Test Loss: 0.014864 | LR: 0.003293
2026-02-28 22:50:55,342 [INFO] lstm_fc.training.trainer: Step 52300/100000 | Train Loss: 0.015889 | Test Loss: 0.015673 | LR: 0.003282
2026-02-28 22:50:56,125 [INFO] lstm_fc.training.trainer: Step 52400/100000 | Train Loss: 0.017440 | Test Loss: 0.014826 | LR: 0.003272
2026-02-28 22:50:56,972 [INFO] lstm_fc.training.trainer: Step 52500/100000 | Train Loss: 0.014189 | Test Loss: 0.017239 | LR: 0.003261
2026-02-28 22:50:57,754 [INFO] lstm_fc.training.trainer: Step 52600/100000 | Train Loss: 0.013918 | Test Loss: 0.012799 | LR: 0.003251
2026-02-28 22:50:58,593 [INFO] lstm_fc.training.trainer: Step 52700/100000 | Train Loss: 0.012788 | Test Loss: 0.013227 | LR: 0.003241
2026-02-28 22:50:59,449 [INFO] lstm_fc.training.trainer: Step 52800/100000 | Train Loss: 0.013595 | Test Loss: 0.013906 | LR: 0.003230
2026-02-28 22:51:00,232 [INFO] lstm_fc.training.trainer: Step 52900/100000 | Train Loss: 0.015327 | Test Loss: 0.015254 | LR: 0.003220
2026-02-28 22:51:01,070 [INFO] lstm_fc.training.trainer: Step 53000/100000 | Train Loss: 0.017033 | Test Loss: 0.014061 | LR: 0.003209
2026-02-28 22:51:01,852 [INFO] lstm_fc.training.trainer: Step 53100/100000 | Train Loss: 0.015577 | Test Loss: 0.016405 | LR: 0.003199
2026-02-28 22:51:02,691 [INFO] lstm_fc.training.trainer: Step 53200/100000 | Train Loss: 0.014842 | Test Loss: 0.016352 | LR: 0.003188
2026-02-28 22:51:03,476 [INFO] lstm_fc.training.trainer: Step 53300/100000 | Train Loss: 0.015157 | Test Loss: 0.014588 | LR: 0.003178
2026-02-28 22:51:04,256 [INFO] lstm_fc.training.trainer: Step 53400/100000 | Train Loss: 0.016663 | Test Loss: 0.013848 | LR: 0.003167
2026-02-28 22:51:05,037 [INFO] lstm_fc.training.trainer: Step 53500/100000 | Train Loss: 0.011222 | Test Loss: 0.013079 | LR: 0.003157
2026-02-28 22:51:05,877 [INFO] lstm_fc.training.trainer: Step 53600/100000 | Train Loss: 0.014289 | Test Loss: 0.014935 | LR: 0.003146
2026-02-28 22:51:06,657 [INFO] lstm_fc.training.trainer: Step 53700/100000 | Train Loss: 0.014476 | Test Loss: 0.014100 | LR: 0.003136
2026-02-28 22:51:07,500 [INFO] lstm_fc.training.trainer: Step 53800/100000 | Train Loss: 0.016860 | Test Loss: 0.014404 | LR: 0.003126
2026-02-28 22:51:08,282 [INFO] lstm_fc.training.trainer: Step 53900/100000 | Train Loss: 0.015782 | Test Loss: 0.014103 | LR: 0.003115
2026-02-28 22:51:09,071 [INFO] lstm_fc.training.trainer: Step 54000/100000 | Train Loss: 0.014370 | Test Loss: 0.014478 | LR: 0.003105
2026-02-28 22:51:09,855 [INFO] lstm_fc.training.trainer: Step 54100/100000 | Train Loss: 0.014536 | Test Loss: 0.013745 | LR: 0.003094
2026-02-28 22:51:10,697 [INFO] lstm_fc.training.trainer: Step 54200/100000 | Train Loss: 0.015617 | Test Loss: 0.014085 | LR: 0.003084
2026-02-28 22:51:11,479 [INFO] lstm_fc.training.trainer: Step 54300/100000 | Train Loss: 0.013527 | Test Loss: 0.016068 | LR: 0.003073
2026-02-28 22:51:12,321 [INFO] lstm_fc.training.trainer: Step 54400/100000 | Train Loss: 0.012002 | Test Loss: 0.015898 | LR: 0.003063
2026-02-28 22:51:13,103 [INFO] lstm_fc.training.trainer: Step 54500/100000 | Train Loss: 0.015659 | Test Loss: 0.014596 | LR: 0.003052
2026-02-28 22:51:13,885 [INFO] lstm_fc.training.trainer: Step 54600/100000 | Train Loss: 0.014415 | Test Loss: 0.015210 | LR: 0.003042
2026-02-28 22:51:14,674 [INFO] lstm_fc.training.trainer: Step 54700/100000 | Train Loss: 0.016928 | Test Loss: 0.014967 | LR: 0.003031
2026-02-28 22:51:15,516 [INFO] lstm_fc.training.trainer: Step 54800/100000 | Train Loss: 0.014616 | Test Loss: 0.014609 | LR: 0.003021
2026-02-28 22:51:16,298 [INFO] lstm_fc.training.trainer: Step 54900/100000 | Train Loss: 0.014158 | Test Loss: 0.014321 | LR: 0.003010
2026-02-28 22:51:17,143 [INFO] lstm_fc.training.trainer: Step 55000/100000 | Train Loss: 0.013659 | Test Loss: 0.014952 | LR: 0.003000
2026-02-28 22:51:17,924 [INFO] lstm_fc.training.trainer: Step 55100/100000 | Train Loss: 0.015417 | Test Loss: 0.014225 | LR: 0.002989
2026-02-28 22:51:18,709 [INFO] lstm_fc.training.trainer: Step 55200/100000 | Train Loss: 0.014455 | Test Loss: 0.014023 | LR: 0.002979
2026-02-28 22:51:19,551 [INFO] lstm_fc.training.trainer: Step 55300/100000 | Train Loss: 0.014026 | Test Loss: 0.015076 | LR: 0.002968
2026-02-28 22:51:20,334 [INFO] lstm_fc.training.trainer: Step 55400/100000 | Train Loss: 0.015399 | Test Loss: 0.014257 | LR: 0.002958
2026-02-28 22:51:21,182 [INFO] lstm_fc.training.trainer: Step 55500/100000 | Train Loss: 0.017220 | Test Loss: 0.012591 | LR: 0.002948
2026-02-28 22:51:22,029 [INFO] lstm_fc.training.trainer: Step 55600/100000 | Train Loss: 0.015736 | Test Loss: 0.014697 | LR: 0.002937
2026-02-28 22:51:22,816 [INFO] lstm_fc.training.trainer: Step 55700/100000 | Train Loss: 0.015391 | Test Loss: 0.012952 | LR: 0.002927
2026-02-28 22:51:23,600 [INFO] lstm_fc.training.trainer: Step 55800/100000 | Train Loss: 0.014086 | Test Loss: 0.013855 | LR: 0.002916
2026-02-28 22:51:24,442 [INFO] lstm_fc.training.trainer: Step 55900/100000 | Train Loss: 0.015262 | Test Loss: 0.014975 | LR: 0.002906
2026-02-28 22:51:25,220 [INFO] lstm_fc.training.trainer: Step 56000/100000 | Train Loss: 0.015323 | Test Loss: 0.015065 | LR: 0.002895
2026-02-28 22:51:26,058 [INFO] lstm_fc.training.trainer: Step 56100/100000 | Train Loss: 0.017779 | Test Loss: 0.013331 | LR: 0.002885
2026-02-28 22:51:26,847 [INFO] lstm_fc.training.trainer: Step 56200/100000 | Train Loss: 0.014529 | Test Loss: 0.014690 | LR: 0.002874
2026-02-28 22:51:27,627 [INFO] lstm_fc.training.trainer: Step 56300/100000 | Train Loss: 0.014812 | Test Loss: 0.012958 | LR: 0.002864
2026-02-28 22:51:28,410 [INFO] lstm_fc.training.trainer: Step 56400/100000 | Train Loss: 0.014073 | Test Loss: 0.014624 | LR: 0.002853
2026-02-28 22:51:29,252 [INFO] lstm_fc.training.trainer: Step 56500/100000 | Train Loss: 0.013786 | Test Loss: 0.014026 | LR: 0.002843
2026-02-28 22:51:30,034 [INFO] lstm_fc.training.trainer: Step 56600/100000 | Train Loss: 0.016437 | Test Loss: 0.016666 | LR: 0.002832
2026-02-28 22:51:30,878 [INFO] lstm_fc.training.trainer: Step 56700/100000 | Train Loss: 0.015149 | Test Loss: 0.014951 | LR: 0.002822
2026-02-28 22:51:31,660 [INFO] lstm_fc.training.trainer: Step 56800/100000 | Train Loss: 0.013746 | Test Loss: 0.012781 | LR: 0.002812
2026-02-28 22:51:32,441 [INFO] lstm_fc.training.trainer: Step 56900/100000 | Train Loss: 0.015803 | Test Loss: 0.015460 | LR: 0.002801
2026-02-28 22:51:33,220 [INFO] lstm_fc.training.trainer: Step 57000/100000 | Train Loss: 0.014041 | Test Loss: 0.014285 | LR: 0.002791
2026-02-28 22:51:34,058 [INFO] lstm_fc.training.trainer: Step 57100/100000 | Train Loss: 0.014900 | Test Loss: 0.016097 | LR: 0.002780
2026-02-28 22:51:34,841 [INFO] lstm_fc.training.trainer: Step 57200/100000 | Train Loss: 0.016204 | Test Loss: 0.016933 | LR: 0.002770
2026-02-28 22:51:35,680 [INFO] lstm_fc.training.trainer: Step 57300/100000 | Train Loss: 0.013243 | Test Loss: 0.013090 | LR: 0.002759
2026-02-28 22:51:36,472 [INFO] lstm_fc.training.trainer: Step 57400/100000 | Train Loss: 0.013796 | Test Loss: 0.014014 | LR: 0.002749
2026-02-28 22:51:37,257 [INFO] lstm_fc.training.trainer: Step 57500/100000 | Train Loss: 0.014462 | Test Loss: 0.015392 | LR: 0.002738
2026-02-28 22:51:38,039 [INFO] lstm_fc.training.trainer: Step 57600/100000 | Train Loss: 0.014844 | Test Loss: 0.014674 | LR: 0.002728
2026-02-28 22:51:38,879 [INFO] lstm_fc.training.trainer: Step 57700/100000 | Train Loss: 0.014254 | Test Loss: 0.013433 | LR: 0.002718
2026-02-28 22:51:39,659 [INFO] lstm_fc.training.trainer: Step 57800/100000 | Train Loss: 0.013563 | Test Loss: 0.015530 | LR: 0.002707
2026-02-28 22:51:40,504 [INFO] lstm_fc.training.trainer: Step 57900/100000 | Train Loss: 0.014581 | Test Loss: 0.015019 | LR: 0.002697
2026-02-28 22:51:41,287 [INFO] lstm_fc.training.trainer: Step 58000/100000 | Train Loss: 0.015806 | Test Loss: 0.013098 | LR: 0.002686
2026-02-28 22:51:42,066 [INFO] lstm_fc.training.trainer: Step 58100/100000 | Train Loss: 0.014059 | Test Loss: 0.014215 | LR: 0.002676
2026-02-28 22:51:42,918 [INFO] lstm_fc.training.trainer: Step 58200/100000 | Train Loss: 0.014570 | Test Loss: 0.014288 | LR: 0.002666
2026-02-28 22:51:43,782 [INFO] lstm_fc.training.trainer: Step 58300/100000 | Train Loss: 0.013711 | Test Loss: 0.015308 | LR: 0.002655
2026-02-28 22:51:44,666 [INFO] lstm_fc.training.trainer: Step 58400/100000 | Train Loss: 0.013320 | Test Loss: 0.015503 | LR: 0.002645
2026-02-28 22:51:45,451 [INFO] lstm_fc.training.trainer: Step 58500/100000 | Train Loss: 0.012316 | Test Loss: 0.014319 | LR: 0.002634
2026-02-28 22:51:46,233 [INFO] lstm_fc.training.trainer: Step 58600/100000 | Train Loss: 0.017609 | Test Loss: 0.014108 | LR: 0.002624
2026-02-28 22:51:47,011 [INFO] lstm_fc.training.trainer: Step 58700/100000 | Train Loss: 0.013688 | Test Loss: 0.013981 | LR: 0.002614
2026-02-28 22:51:47,863 [INFO] lstm_fc.training.trainer: Step 58800/100000 | Train Loss: 0.015996 | Test Loss: 0.015156 | LR: 0.002603
2026-02-28 22:51:48,654 [INFO] lstm_fc.training.trainer: Step 58900/100000 | Train Loss: 0.015014 | Test Loss: 0.013439 | LR: 0.002593
2026-02-28 22:51:49,502 [INFO] lstm_fc.training.trainer: Step 59000/100000 | Train Loss: 0.015275 | Test Loss: 0.016487 | LR: 0.002582
2026-02-28 22:51:50,287 [INFO] lstm_fc.training.trainer: Step 59100/100000 | Train Loss: 0.015179 | Test Loss: 0.015030 | LR: 0.002572
2026-02-28 22:51:51,065 [INFO] lstm_fc.training.trainer: Step 59200/100000 | Train Loss: 0.013386 | Test Loss: 0.013263 | LR: 0.002562
2026-02-28 22:51:51,846 [INFO] lstm_fc.training.trainer: Step 59300/100000 | Train Loss: 0.014007 | Test Loss: 0.014487 | LR: 0.002551
2026-02-28 22:51:52,686 [INFO] lstm_fc.training.trainer: Step 59400/100000 | Train Loss: 0.014480 | Test Loss: 0.015072 | LR: 0.002541
2026-02-28 22:51:53,467 [INFO] lstm_fc.training.trainer: Step 59500/100000 | Train Loss: 0.015496 | Test Loss: 0.013817 | LR: 0.002531
2026-02-28 22:51:54,305 [INFO] lstm_fc.training.trainer: Step 59600/100000 | Train Loss: 0.014567 | Test Loss: 0.014309 | LR: 0.002520
2026-02-28 22:51:55,093 [INFO] lstm_fc.training.trainer: Step 59700/100000 | Train Loss: 0.014082 | Test Loss: 0.014208 | LR: 0.002510
2026-02-28 22:51:55,873 [INFO] lstm_fc.training.trainer: Step 59800/100000 | Train Loss: 0.014810 | Test Loss: 0.013184 | LR: 0.002500
2026-02-28 22:51:56,654 [INFO] lstm_fc.training.trainer: Step 59900/100000 | Train Loss: 0.012153 | Test Loss: 0.014669 | LR: 0.002489
2026-02-28 22:51:57,497 [INFO] lstm_fc.training.trainer: Step 60000/100000 | Train Loss: 0.015564 | Test Loss: 0.015229 | LR: 0.002479
2026-02-28 22:51:57,498 [INFO] lstm_fc.training.trainer: Checkpoint saved: outputs/final_best_128h/checkpoint_step60000.pt
2026-02-28 22:51:58,281 [INFO] lstm_fc.training.trainer: Step 60100/100000 | Train Loss: 0.015021 | Test Loss: 0.013018 | LR: 0.002469
2026-02-28 22:51:59,120 [INFO] lstm_fc.training.trainer: Step 60200/100000 | Train Loss: 0.015789 | Test Loss: 0.016176 | LR: 0.002458
2026-02-28 22:51:59,900 [INFO] lstm_fc.training.trainer: Step 60300/100000 | Train Loss: 0.013986 | Test Loss: 0.014775 | LR: 0.002448
2026-02-28 22:52:00,701 [INFO] lstm_fc.training.trainer: Step 60400/100000 | Train Loss: 0.015120 | Test Loss: 0.014316 | LR: 0.002438
2026-02-28 22:52:01,548 [INFO] lstm_fc.training.trainer: Step 60500/100000 | Train Loss: 0.014250 | Test Loss: 0.014582 | LR: 0.002427
2026-02-28 22:52:02,335 [INFO] lstm_fc.training.trainer: Step 60600/100000 | Train Loss: 0.017350 | Test Loss: 0.012269 | LR: 0.002417
2026-02-28 22:52:03,184 [INFO] lstm_fc.training.trainer: Step 60700/100000 | Train Loss: 0.014950 | Test Loss: 0.015277 | LR: 0.002407
2026-02-28 22:52:03,973 [INFO] lstm_fc.training.trainer: Step 60800/100000 | Train Loss: 0.014439 | Test Loss: 0.012798 | LR: 0.002397
2026-02-28 22:52:04,767 [INFO] lstm_fc.training.trainer: Step 60900/100000 | Train Loss: 0.015197 | Test Loss: 0.013876 | LR: 0.002386
2026-02-28 22:52:05,554 [INFO] lstm_fc.training.trainer: Step 61000/100000 | Train Loss: 0.015994 | Test Loss: 0.013769 | LR: 0.002376
2026-02-28 22:52:06,488 [INFO] lstm_fc.training.trainer: Step 61100/100000 | Train Loss: 0.012884 | Test Loss: 0.014207 | LR: 0.002366
2026-02-28 22:52:07,271 [INFO] lstm_fc.training.trainer: Step 61200/100000 | Train Loss: 0.013971 | Test Loss: 0.014517 | LR: 0.002356
2026-02-28 22:52:08,112 [INFO] lstm_fc.training.trainer: Step 61300/100000 | Train Loss: 0.015332 | Test Loss: 0.014619 | LR: 0.002345
2026-02-28 22:52:08,891 [INFO] lstm_fc.training.trainer: Step 61400/100000 | Train Loss: 0.014356 | Test Loss: 0.014303 | LR: 0.002335
2026-02-28 22:52:09,670 [INFO] lstm_fc.training.trainer: Step 61500/100000 | Train Loss: 0.011562 | Test Loss: 0.012117 | LR: 0.002325
2026-02-28 22:52:10,455 [INFO] lstm_fc.training.trainer: Step 61600/100000 | Train Loss: 0.014423 | Test Loss: 0.013421 | LR: 0.002315
2026-02-28 22:52:11,298 [INFO] lstm_fc.training.trainer: Step 61700/100000 | Train Loss: 0.013390 | Test Loss: 0.014468 | LR: 0.002305
2026-02-28 22:52:12,086 [INFO] lstm_fc.training.trainer: Step 61800/100000 | Train Loss: 0.014350 | Test Loss: 0.015033 | LR: 0.002294
2026-02-28 22:52:12,925 [INFO] lstm_fc.training.trainer: Step 61900/100000 | Train Loss: 0.015492 | Test Loss: 0.015163 | LR: 0.002284
2026-02-28 22:52:13,709 [INFO] lstm_fc.training.trainer: Step 62000/100000 | Train Loss: 0.015421 | Test Loss: 0.013421 | LR: 0.002274
2026-02-28 22:52:14,491 [INFO] lstm_fc.training.trainer: Step 62100/100000 | Train Loss: 0.015162 | Test Loss: 0.014668 | LR: 0.002264
2026-02-28 22:52:15,272 [INFO] lstm_fc.training.trainer: Step 62200/100000 | Train Loss: 0.015801 | Test Loss: 0.013614 | LR: 0.002254
2026-02-28 22:52:16,110 [INFO] lstm_fc.training.trainer: Step 62300/100000 | Train Loss: 0.017665 | Test Loss: 0.014828 | LR: 0.002244
2026-02-28 22:52:16,891 [INFO] lstm_fc.training.trainer: Step 62400/100000 | Train Loss: 0.013789 | Test Loss: 0.014878 | LR: 0.002234
2026-02-28 22:52:17,739 [INFO] lstm_fc.training.trainer: Step 62500/100000 | Train Loss: 0.012760 | Test Loss: 0.013499 | LR: 0.002223
2026-02-28 22:52:18,520 [INFO] lstm_fc.training.trainer: Step 62600/100000 | Train Loss: 0.014071 | Test Loss: 0.013364 | LR: 0.002213
2026-02-28 22:52:19,303 [INFO] lstm_fc.training.trainer: Step 62700/100000 | Train Loss: 0.013843 | Test Loss: 0.014145 | LR: 0.002203
2026-02-28 22:52:20,145 [INFO] lstm_fc.training.trainer: Step 62800/100000 | Train Loss: 0.016072 | Test Loss: 0.015375 | LR: 0.002193
2026-02-28 22:52:20,927 [INFO] lstm_fc.training.trainer: Step 62900/100000 | Train Loss: 0.016609 | Test Loss: 0.013369 | LR: 0.002183
2026-02-28 22:52:21,769 [INFO] lstm_fc.training.trainer: Step 63000/100000 | Train Loss: 0.013241 | Test Loss: 0.014723 | LR: 0.002173
2026-02-28 22:52:22,548 [INFO] lstm_fc.training.trainer: Step 63100/100000 | Train Loss: 0.016041 | Test Loss: 0.014862 | LR: 0.002163
2026-02-28 22:52:23,328 [INFO] lstm_fc.training.trainer: Step 63200/100000 | Train Loss: 0.014767 | Test Loss: 0.013575 | LR: 0.002153
2026-02-28 22:52:24,118 [INFO] lstm_fc.training.trainer: Step 63300/100000 | Train Loss: 0.013689 | Test Loss: 0.014257 | LR: 0.002143
2026-02-28 22:52:24,956 [INFO] lstm_fc.training.trainer: Step 63400/100000 | Train Loss: 0.015472 | Test Loss: 0.015113 | LR: 0.002133
2026-02-28 22:52:25,737 [INFO] lstm_fc.training.trainer: Step 63500/100000 | Train Loss: 0.015831 | Test Loss: 0.012639 | LR: 0.002123
2026-02-28 22:52:26,569 [INFO] lstm_fc.training.trainer: Step 63600/100000 | Train Loss: 0.015210 | Test Loss: 0.014682 | LR: 0.002113
2026-02-28 22:52:27,348 [INFO] lstm_fc.training.trainer: Step 63700/100000 | Train Loss: 0.017148 | Test Loss: 0.013231 | LR: 0.002103
2026-02-28 22:52:28,128 [INFO] lstm_fc.training.trainer: Step 63800/100000 | Train Loss: 0.014048 | Test Loss: 0.014009 | LR: 0.002093
2026-02-28 22:52:28,974 [INFO] lstm_fc.training.trainer: Step 63900/100000 | Train Loss: 0.014673 | Test Loss: 0.015863 | LR: 0.002083
2026-02-28 22:52:29,812 [INFO] lstm_fc.training.trainer: Step 64000/100000 | Train Loss: 0.015862 | Test Loss: 0.013337 | LR: 0.002073
2026-02-28 22:52:30,597 [INFO] lstm_fc.training.trainer: Step 64100/100000 | Train Loss: 0.013904 | Test Loss: 0.013369 | LR: 0.002063
2026-02-28 22:52:31,440 [INFO] lstm_fc.training.trainer: Step 64200/100000 | Train Loss: 0.014096 | Test Loss: 0.015301 | LR: 0.002053
2026-02-28 22:52:32,222 [INFO] lstm_fc.training.trainer: Step 64300/100000 | Train Loss: 0.013863 | Test Loss: 0.015483 | LR: 0.002043
2026-02-28 22:52:33,003 [INFO] lstm_fc.training.trainer: Step 64400/100000 | Train Loss: 0.014867 | Test Loss: 0.015105 | LR: 0.002033
2026-02-28 22:52:33,785 [INFO] lstm_fc.training.trainer: Step 64500/100000 | Train Loss: 0.016882 | Test Loss: 0.015640 | LR: 0.002023
2026-02-28 22:52:34,624 [INFO] lstm_fc.training.trainer: Step 64600/100000 | Train Loss: 0.015437 | Test Loss: 0.014820 | LR: 0.002013
2026-02-28 22:52:35,412 [INFO] lstm_fc.training.trainer: Step 64700/100000 | Train Loss: 0.013619 | Test Loss: 0.013612 | LR: 0.002003
2026-02-28 22:52:36,261 [INFO] lstm_fc.training.trainer: Step 64800/100000 | Train Loss: 0.013334 | Test Loss: 0.012749 | LR: 0.001994
2026-02-28 22:52:37,037 [INFO] lstm_fc.training.trainer: Step 64900/100000 | Train Loss: 0.013462 | Test Loss: 0.014432 | LR: 0.001984
2026-02-28 22:52:37,819 [INFO] lstm_fc.training.trainer: Step 65000/100000 | Train Loss: 0.012785 | Test Loss: 0.013180 | LR: 0.001974
2026-02-28 22:52:38,598 [INFO] lstm_fc.training.trainer: Step 65100/100000 | Train Loss: 0.012330 | Test Loss: 0.016343 | LR: 0.001964
2026-02-28 22:52:39,445 [INFO] lstm_fc.training.trainer: Step 65200/100000 | Train Loss: 0.012326 | Test Loss: 0.013102 | LR: 0.001954
2026-02-28 22:52:40,227 [INFO] lstm_fc.training.trainer: Step 65300/100000 | Train Loss: 0.013845 | Test Loss: 0.013518 | LR: 0.001944
2026-02-28 22:52:41,065 [INFO] lstm_fc.training.trainer: Step 65400/100000 | Train Loss: 0.014005 | Test Loss: 0.012830 | LR: 0.001935
2026-02-28 22:52:41,847 [INFO] lstm_fc.training.trainer: Step 65500/100000 | Train Loss: 0.015879 | Test Loss: 0.014690 | LR: 0.001925
2026-02-28 22:52:42,624 [INFO] lstm_fc.training.trainer: Step 65600/100000 | Train Loss: 0.013488 | Test Loss: 0.013933 | LR: 0.001915
2026-02-28 22:52:43,469 [INFO] lstm_fc.training.trainer: Step 65700/100000 | Train Loss: 0.014555 | Test Loss: 0.012589 | LR: 0.001905
2026-02-28 22:52:44,249 [INFO] lstm_fc.training.trainer: Step 65800/100000 | Train Loss: 0.015225 | Test Loss: 0.014452 | LR: 0.001896
2026-02-28 22:52:45,086 [INFO] lstm_fc.training.trainer: Step 65900/100000 | Train Loss: 0.015868 | Test Loss: 0.012759 | LR: 0.001886
2026-02-28 22:52:45,869 [INFO] lstm_fc.training.trainer: Step 66000/100000 | Train Loss: 0.012289 | Test Loss: 0.014378 | LR: 0.001876
2026-02-28 22:52:46,646 [INFO] lstm_fc.training.trainer: Step 66100/100000 | Train Loss: 0.015270 | Test Loss: 0.015886 | LR: 0.001866
2026-02-28 22:52:47,428 [INFO] lstm_fc.training.trainer: Step 66200/100000 | Train Loss: 0.016211 | Test Loss: 0.014788 | LR: 0.001857
2026-02-28 22:52:48,276 [INFO] lstm_fc.training.trainer: Step 66300/100000 | Train Loss: 0.013871 | Test Loss: 0.013784 | LR: 0.001847
2026-02-28 22:52:49,064 [INFO] lstm_fc.training.trainer: Step 66400/100000 | Train Loss: 0.014294 | Test Loss: 0.012617 | LR: 0.001837
2026-02-28 22:52:49,910 [INFO] lstm_fc.training.trainer: Step 66500/100000 | Train Loss: 0.014444 | Test Loss: 0.013801 | LR: 0.001828
2026-02-28 22:52:50,690 [INFO] lstm_fc.training.trainer: Step 66600/100000 | Train Loss: 0.015137 | Test Loss: 0.013908 | LR: 0.001818
2026-02-28 22:52:51,539 [INFO] lstm_fc.training.trainer: Step 66700/100000 | Train Loss: 0.015646 | Test Loss: 0.017198 | LR: 0.001808
2026-02-28 22:52:52,318 [INFO] lstm_fc.training.trainer: Step 66800/100000 | Train Loss: 0.015275 | Test Loss: 0.014212 | LR: 0.001799
2026-02-28 22:52:53,173 [INFO] lstm_fc.training.trainer: Step 66900/100000 | Train Loss: 0.014250 | Test Loss: 0.013758 | LR: 0.001789
2026-02-28 22:52:53,952 [INFO] lstm_fc.training.trainer: Step 67000/100000 | Train Loss: 0.015385 | Test Loss: 0.012483 | LR: 0.001780
2026-02-28 22:52:54,793 [INFO] lstm_fc.training.trainer: Step 67100/100000 | Train Loss: 0.013219 | Test Loss: 0.016073 | LR: 0.001770
2026-02-28 22:52:55,571 [INFO] lstm_fc.training.trainer: Step 67200/100000 | Train Loss: 0.013393 | Test Loss: 0.017512 | LR: 0.001761
2026-02-28 22:52:56,353 [INFO] lstm_fc.training.trainer: Step 67300/100000 | Train Loss: 0.014729 | Test Loss: 0.012939 | LR: 0.001751
2026-02-28 22:52:57,136 [INFO] lstm_fc.training.trainer: Step 67400/100000 | Train Loss: 0.016368 | Test Loss: 0.012534 | LR: 0.001742
2026-02-28 22:52:57,981 [INFO] lstm_fc.training.trainer: Step 67500/100000 | Train Loss: 0.015055 | Test Loss: 0.011742 | LR: 0.001732
2026-02-28 22:52:58,770 [INFO] lstm_fc.training.trainer: Step 67600/100000 | Train Loss: 0.014575 | Test Loss: 0.012250 | LR: 0.001723
2026-02-28 22:52:59,606 [INFO] lstm_fc.training.trainer: Step 67700/100000 | Train Loss: 0.015229 | Test Loss: 0.013235 | LR: 0.001713
2026-02-28 22:53:00,387 [INFO] lstm_fc.training.trainer: Step 67800/100000 | Train Loss: 0.014014 | Test Loss: 0.013492 | LR: 0.001704
2026-02-28 22:53:01,170 [INFO] lstm_fc.training.trainer: Step 67900/100000 | Train Loss: 0.014221 | Test Loss: 0.013506 | LR: 0.001694
2026-02-28 22:53:02,006 [INFO] lstm_fc.training.trainer: Step 68000/100000 | Train Loss: 0.014203 | Test Loss: 0.014294 | LR: 0.001685
2026-02-28 22:53:02,788 [INFO] lstm_fc.training.trainer: Step 68100/100000 | Train Loss: 0.014469 | Test Loss: 0.013085 | LR: 0.001675
2026-02-28 22:53:03,636 [INFO] lstm_fc.training.trainer: Step 68200/100000 | Train Loss: 0.012716 | Test Loss: 0.013550 | LR: 0.001666
2026-02-28 22:53:04,415 [INFO] lstm_fc.training.trainer: Step 68300/100000 | Train Loss: 0.014256 | Test Loss: 0.012951 | LR: 0.001657
2026-02-28 22:53:05,199 [INFO] lstm_fc.training.trainer: Step 68400/100000 | Train Loss: 0.013444 | Test Loss: 0.012530 | LR: 0.001647
2026-02-28 22:53:05,978 [INFO] lstm_fc.training.trainer: Step 68500/100000 | Train Loss: 0.013855 | Test Loss: 0.014817 | LR: 0.001638
2026-02-28 22:53:06,817 [INFO] lstm_fc.training.trainer: Step 68600/100000 | Train Loss: 0.015276 | Test Loss: 0.015300 | LR: 0.001629
2026-02-28 22:53:07,596 [INFO] lstm_fc.training.trainer: Step 68700/100000 | Train Loss: 0.014719 | Test Loss: 0.013528 | LR: 0.001619
2026-02-28 22:53:08,431 [INFO] lstm_fc.training.trainer: Step 68800/100000 | Train Loss: 0.015497 | Test Loss: 0.012624 | LR: 0.001610
2026-02-28 22:53:09,220 [INFO] lstm_fc.training.trainer: Step 68900/100000 | Train Loss: 0.012602 | Test Loss: 0.013384 | LR: 0.001601
2026-02-28 22:53:10,001 [INFO] lstm_fc.training.trainer: Step 69000/100000 | Train Loss: 0.014975 | Test Loss: 0.014497 | LR: 0.001592
2026-02-28 22:53:10,785 [INFO] lstm_fc.training.trainer: Step 69100/100000 | Train Loss: 0.014853 | Test Loss: 0.012926 | LR: 0.001582
2026-02-28 22:53:11,622 [INFO] lstm_fc.training.trainer: Step 69200/100000 | Train Loss: 0.013590 | Test Loss: 0.013026 | LR: 0.001573
2026-02-28 22:53:12,404 [INFO] lstm_fc.training.trainer: Step 69300/100000 | Train Loss: 0.013304 | Test Loss: 0.017579 | LR: 0.001564
2026-02-28 22:53:13,244 [INFO] lstm_fc.training.trainer: Step 69400/100000 | Train Loss: 0.013701 | Test Loss: 0.013513 | LR: 0.001555
2026-02-28 22:53:14,098 [INFO] lstm_fc.training.trainer: Step 69500/100000 | Train Loss: 0.015138 | Test Loss: 0.012357 | LR: 0.001545
2026-02-28 22:53:14,904 [INFO] lstm_fc.training.trainer: Step 69600/100000 | Train Loss: 0.015571 | Test Loss: 0.015814 | LR: 0.001536
2026-02-28 22:53:15,699 [INFO] lstm_fc.training.trainer: Step 69700/100000 | Train Loss: 0.012442 | Test Loss: 0.014748 | LR: 0.001527
2026-02-28 22:53:16,539 [INFO] lstm_fc.training.trainer: Step 69800/100000 | Train Loss: 0.013829 | Test Loss: 0.012771 | LR: 0.001518
2026-02-28 22:53:17,320 [INFO] lstm_fc.training.trainer: Step 69900/100000 | Train Loss: 0.015589 | Test Loss: 0.012147 | LR: 0.001509
2026-02-28 22:53:18,162 [INFO] lstm_fc.training.trainer: Step 70000/100000 | Train Loss: 0.015131 | Test Loss: 0.012399 | LR: 0.001500
2026-02-28 22:53:18,939 [INFO] lstm_fc.training.trainer: Step 70100/100000 | Train Loss: 0.013744 | Test Loss: 0.016654 | LR: 0.001491
2026-02-28 22:53:19,720 [INFO] lstm_fc.training.trainer: Step 70200/100000 | Train Loss: 0.014307 | Test Loss: 0.013297 | LR: 0.001482
2026-02-28 22:53:20,568 [INFO] lstm_fc.training.trainer: Step 70300/100000 | Train Loss: 0.016205 | Test Loss: 0.013542 | LR: 0.001473
2026-02-28 22:53:21,349 [INFO] lstm_fc.training.trainer: Step 70400/100000 | Train Loss: 0.012304 | Test Loss: 0.015840 | LR: 0.001464
2026-02-28 22:53:22,187 [INFO] lstm_fc.training.trainer: Step 70500/100000 | Train Loss: 0.012722 | Test Loss: 0.014923 | LR: 0.001455
2026-02-28 22:53:22,967 [INFO] lstm_fc.training.trainer: Step 70600/100000 | Train Loss: 0.014189 | Test Loss: 0.013178 | LR: 0.001446
2026-02-28 22:53:23,749 [INFO] lstm_fc.training.trainer: Step 70700/100000 | Train Loss: 0.015070 | Test Loss: 0.011978 | LR: 0.001437
2026-02-28 22:53:24,526 [INFO] lstm_fc.training.trainer: Step 70800/100000 | Train Loss: 0.016287 | Test Loss: 0.013528 | LR: 0.001428
2026-02-28 22:53:25,366 [INFO] lstm_fc.training.trainer: Step 70900/100000 | Train Loss: 0.013302 | Test Loss: 0.012707 | LR: 0.001419
2026-02-28 22:53:26,157 [INFO] lstm_fc.training.trainer: Step 71000/100000 | Train Loss: 0.014835 | Test Loss: 0.014563 | LR: 0.001410
2026-02-28 22:53:26,995 [INFO] lstm_fc.training.trainer: Step 71100/100000 | Train Loss: 0.014521 | Test Loss: 0.014104 | LR: 0.001401
2026-02-28 22:53:27,777 [INFO] lstm_fc.training.trainer: Step 71200/100000 | Train Loss: 0.014909 | Test Loss: 0.015713 | LR: 0.001392
2026-02-28 22:53:28,556 [INFO] lstm_fc.training.trainer: Step 71300/100000 | Train Loss: 0.014654 | Test Loss: 0.013996 | LR: 0.001384
2026-02-28 22:53:29,338 [INFO] lstm_fc.training.trainer: Step 71400/100000 | Train Loss: 0.017434 | Test Loss: 0.012359 | LR: 0.001375
2026-02-28 22:53:30,209 [INFO] lstm_fc.training.trainer: Step 71500/100000 | Train Loss: 0.015219 | Test Loss: 0.012297 | LR: 0.001366
2026-02-28 22:53:30,983 [INFO] lstm_fc.training.trainer: Step 71600/100000 | Train Loss: 0.014534 | Test Loss: 0.015569 | LR: 0.001357
2026-02-28 22:53:31,821 [INFO] lstm_fc.training.trainer: Step 71700/100000 | Train Loss: 0.015666 | Test Loss: 0.014116 | LR: 0.001348
2026-02-28 22:53:32,601 [INFO] lstm_fc.training.trainer: Step 71800/100000 | Train Loss: 0.015169 | Test Loss: 0.013312 | LR: 0.001340
2026-02-28 22:53:33,410 [INFO] lstm_fc.training.trainer: Step 71900/100000 | Train Loss: 0.014426 | Test Loss: 0.011796 | LR: 0.001331
2026-02-28 22:53:34,194 [INFO] lstm_fc.training.trainer: Step 72000/100000 | Train Loss: 0.014114 | Test Loss: 0.013398 | LR: 0.001322
2026-02-28 22:53:35,034 [INFO] lstm_fc.training.trainer: Step 72100/100000 | Train Loss: 0.014168 | Test Loss: 0.013418 | LR: 0.001314
2026-02-28 22:53:35,897 [INFO] lstm_fc.training.trainer: Step 72200/100000 | Train Loss: 0.012057 | Test Loss: 0.013769 | LR: 0.001305
2026-02-28 22:53:36,750 [INFO] lstm_fc.training.trainer: Step 72300/100000 | Train Loss: 0.014911 | Test Loss: 0.013342 | LR: 0.001296
2026-02-28 22:53:37,533 [INFO] lstm_fc.training.trainer: Step 72400/100000 | Train Loss: 0.013315 | Test Loss: 0.015435 | LR: 0.001288
2026-02-28 22:53:38,318 [INFO] lstm_fc.training.trainer: Step 72500/100000 | Train Loss: 0.013304 | Test Loss: 0.014862 | LR: 0.001279
2026-02-28 22:53:39,099 [INFO] lstm_fc.training.trainer: Step 72600/100000 | Train Loss: 0.013271 | Test Loss: 0.015278 | LR: 0.001271
2026-02-28 22:53:39,936 [INFO] lstm_fc.training.trainer: Step 72700/100000 | Train Loss: 0.011530 | Test Loss: 0.015042 | LR: 0.001262
2026-02-28 22:53:40,719 [INFO] lstm_fc.training.trainer: Step 72800/100000 | Train Loss: 0.012505 | Test Loss: 0.013240 | LR: 0.001254
2026-02-28 22:53:41,567 [INFO] lstm_fc.training.trainer: Step 72900/100000 | Train Loss: 0.013174 | Test Loss: 0.013542 | LR: 0.001245
2026-02-28 22:53:42,349 [INFO] lstm_fc.training.trainer: Step 73000/100000 | Train Loss: 0.013562 | Test Loss: 0.014291 | LR: 0.001237
2026-02-28 22:53:43,132 [INFO] lstm_fc.training.trainer: Step 73100/100000 | Train Loss: 0.014358 | Test Loss: 0.014278 | LR: 0.001228
2026-02-28 22:53:43,975 [INFO] lstm_fc.training.trainer: Step 73200/100000 | Train Loss: 0.014162 | Test Loss: 0.012322 | LR: 0.001220
2026-02-28 22:53:44,760 [INFO] lstm_fc.training.trainer: Step 73300/100000 | Train Loss: 0.015906 | Test Loss: 0.013128 | LR: 0.001211
2026-02-28 22:53:45,606 [INFO] lstm_fc.training.trainer: Step 73400/100000 | Train Loss: 0.015198 | Test Loss: 0.014862 | LR: 0.001203
2026-02-28 22:53:46,398 [INFO] lstm_fc.training.trainer: Step 73500/100000 | Train Loss: 0.013468 | Test Loss: 0.014918 | LR: 0.001194
2026-02-28 22:53:47,181 [INFO] lstm_fc.training.trainer: Step 73600/100000 | Train Loss: 0.014368 | Test Loss: 0.012895 | LR: 0.001186
2026-02-28 22:53:47,960 [INFO] lstm_fc.training.trainer: Step 73700/100000 | Train Loss: 0.014028 | Test Loss: 0.015584 | LR: 0.001178
2026-02-28 22:53:48,799 [INFO] lstm_fc.training.trainer: Step 73800/100000 | Train Loss: 0.015426 | Test Loss: 0.013811 | LR: 0.001170
2026-02-28 22:53:49,584 [INFO] lstm_fc.training.trainer: Step 73900/100000 | Train Loss: 0.012955 | Test Loss: 0.013555 | LR: 0.001161
2026-02-28 22:53:50,428 [INFO] lstm_fc.training.trainer: Step 74000/100000 | Train Loss: 0.014209 | Test Loss: 0.012478 | LR: 0.001153
2026-02-28 22:53:51,221 [INFO] lstm_fc.training.trainer: Step 74100/100000 | Train Loss: 0.013313 | Test Loss: 0.015539 | LR: 0.001145
2026-02-28 22:53:52,000 [INFO] lstm_fc.training.trainer: Step 74200/100000 | Train Loss: 0.013474 | Test Loss: 0.014856 | LR: 0.001136
2026-02-28 22:53:52,785 [INFO] lstm_fc.training.trainer: Step 74300/100000 | Train Loss: 0.011810 | Test Loss: 0.014207 | LR: 0.001128
2026-02-28 22:53:53,625 [INFO] lstm_fc.training.trainer: Step 74400/100000 | Train Loss: 0.015499 | Test Loss: 0.013431 | LR: 0.001120
2026-02-28 22:53:54,407 [INFO] lstm_fc.training.trainer: Step 74500/100000 | Train Loss: 0.013913 | Test Loss: 0.013426 | LR: 0.001112
2026-02-28 22:53:55,248 [INFO] lstm_fc.training.trainer: Step 74600/100000 | Train Loss: 0.014374 | Test Loss: 0.013441 | LR: 0.001104
2026-02-28 22:53:56,030 [INFO] lstm_fc.training.trainer: Step 74700/100000 | Train Loss: 0.014590 | Test Loss: 0.013941 | LR: 0.001096
2026-02-28 22:53:56,823 [INFO] lstm_fc.training.trainer: Step 74800/100000 | Train Loss: 0.013636 | Test Loss: 0.013910 | LR: 0.001088
2026-02-28 22:53:57,605 [INFO] lstm_fc.training.trainer: Step 74900/100000 | Train Loss: 0.016042 | Test Loss: 0.014868 | LR: 0.001080
2026-02-28 22:53:58,514 [INFO] lstm_fc.training.trainer: Step 75000/100000 | Train Loss: 0.012992 | Test Loss: 0.013722 | LR: 0.001072
2026-02-28 22:53:59,297 [INFO] lstm_fc.training.trainer: Step 75100/100000 | Train Loss: 0.014664 | Test Loss: 0.013450 | LR: 0.001064
2026-02-28 22:54:00,138 [INFO] lstm_fc.training.trainer: Step 75200/100000 | Train Loss: 0.015008 | Test Loss: 0.014168 | LR: 0.001056
2026-02-28 22:54:00,917 [INFO] lstm_fc.training.trainer: Step 75300/100000 | Train Loss: 0.014813 | Test Loss: 0.013497 | LR: 0.001048
2026-02-28 22:54:01,699 [INFO] lstm_fc.training.trainer: Step 75400/100000 | Train Loss: 0.012499 | Test Loss: 0.013201 | LR: 0.001040
2026-02-28 22:54:02,550 [INFO] lstm_fc.training.trainer: Step 75500/100000 | Train Loss: 0.012780 | Test Loss: 0.012113 | LR: 0.001032
2026-02-28 22:54:03,333 [INFO] lstm_fc.training.trainer: Step 75600/100000 | Train Loss: 0.013810 | Test Loss: 0.013952 | LR: 0.001024
2026-02-28 22:54:04,174 [INFO] lstm_fc.training.trainer: Step 75700/100000 | Train Loss: 0.014046 | Test Loss: 0.014030 | LR: 0.001016
2026-02-28 22:54:04,952 [INFO] lstm_fc.training.trainer: Step 75800/100000 | Train Loss: 0.013236 | Test Loss: 0.015496 | LR: 0.001008
2026-02-28 22:54:05,735 [INFO] lstm_fc.training.trainer: Step 75900/100000 | Train Loss: 0.012448 | Test Loss: 0.012983 | LR: 0.001000
2026-02-28 22:54:06,519 [INFO] lstm_fc.training.trainer: Step 76000/100000 | Train Loss: 0.014713 | Test Loss: 0.013617 | LR: 0.000993
2026-02-28 22:54:07,362 [INFO] lstm_fc.training.trainer: Step 76100/100000 | Train Loss: 0.016331 | Test Loss: 0.012497 | LR: 0.000985
2026-02-28 22:54:08,145 [INFO] lstm_fc.training.trainer: Step 76200/100000 | Train Loss: 0.014520 | Test Loss: 0.014258 | LR: 0.000977
2026-02-28 22:54:08,992 [INFO] lstm_fc.training.trainer: Step 76300/100000 | Train Loss: 0.013300 | Test Loss: 0.011537 | LR: 0.000969
2026-02-28 22:54:09,777 [INFO] lstm_fc.training.trainer: Step 76400/100000 | Train Loss: 0.013507 | Test Loss: 0.013282 | LR: 0.000962
2026-02-28 22:54:10,560 [INFO] lstm_fc.training.trainer: Step 76500/100000 | Train Loss: 0.013481 | Test Loss: 0.013569 | LR: 0.000954
2026-02-28 22:54:11,343 [INFO] lstm_fc.training.trainer: Step 76600/100000 | Train Loss: 0.014900 | Test Loss: 0.017098 | LR: 0.000946
2026-02-28 22:54:12,184 [INFO] lstm_fc.training.trainer: Step 76700/100000 | Train Loss: 0.014672 | Test Loss: 0.013946 | LR: 0.000939
2026-02-28 22:54:12,965 [INFO] lstm_fc.training.trainer: Step 76800/100000 | Train Loss: 0.013656 | Test Loss: 0.013236 | LR: 0.000931
2026-02-28 22:54:13,807 [INFO] lstm_fc.training.trainer: Step 76900/100000 | Train Loss: 0.013199 | Test Loss: 0.012231 | LR: 0.000924
2026-02-28 22:54:14,591 [INFO] lstm_fc.training.trainer: Step 77000/100000 | Train Loss: 0.014882 | Test Loss: 0.014799 | LR: 0.000916
2026-02-28 22:54:15,380 [INFO] lstm_fc.training.trainer: Step 77100/100000 | Train Loss: 0.012826 | Test Loss: 0.013448 | LR: 0.000908
2026-02-28 22:54:16,164 [INFO] lstm_fc.training.trainer: Step 77200/100000 | Train Loss: 0.013558 | Test Loss: 0.012955 | LR: 0.000901
2026-02-28 22:54:17,002 [INFO] lstm_fc.training.trainer: Step 77300/100000 | Train Loss: 0.012685 | Test Loss: 0.013752 | LR: 0.000893
2026-02-28 22:54:17,787 [INFO] lstm_fc.training.trainer: Step 77400/100000 | Train Loss: 0.015345 | Test Loss: 0.015351 | LR: 0.000886
2026-02-28 22:54:18,630 [INFO] lstm_fc.training.trainer: Step 77500/100000 | Train Loss: 0.015031 | Test Loss: 0.012889 | LR: 0.000879
2026-02-28 22:54:19,413 [INFO] lstm_fc.training.trainer: Step 77600/100000 | Train Loss: 0.014347 | Test Loss: 0.015271 | LR: 0.000871
2026-02-28 22:54:20,196 [INFO] lstm_fc.training.trainer: Step 77700/100000 | Train Loss: 0.013725 | Test Loss: 0.014665 | LR: 0.000864
2026-02-28 22:54:21,041 [INFO] lstm_fc.training.trainer: Step 77800/100000 | Train Loss: 0.012993 | Test Loss: 0.012687 | LR: 0.000857
2026-02-28 22:54:21,909 [INFO] lstm_fc.training.trainer: Step 77900/100000 | Train Loss: 0.014745 | Test Loss: 0.016160 | LR: 0.000849
2026-02-28 22:54:22,768 [INFO] lstm_fc.training.trainer: Step 78000/100000 | Train Loss: 0.013029 | Test Loss: 0.014800 | LR: 0.000842
2026-02-28 22:54:23,552 [INFO] lstm_fc.training.trainer: Step 78100/100000 | Train Loss: 0.015111 | Test Loss: 0.013219 | LR: 0.000835
2026-02-28 22:54:24,338 [INFO] lstm_fc.training.trainer: Step 78200/100000 | Train Loss: 0.012652 | Test Loss: 0.012544 | LR: 0.000827
2026-02-28 22:54:25,123 [INFO] lstm_fc.training.trainer: Step 78300/100000 | Train Loss: 0.013966 | Test Loss: 0.014004 | LR: 0.000820
2026-02-28 22:54:25,964 [INFO] lstm_fc.training.trainer: Step 78400/100000 | Train Loss: 0.014058 | Test Loss: 0.014146 | LR: 0.000813
2026-02-28 22:54:26,749 [INFO] lstm_fc.training.trainer: Step 78500/100000 | Train Loss: 0.013920 | Test Loss: 0.012777 | LR: 0.000806
2026-02-28 22:54:27,590 [INFO] lstm_fc.training.trainer: Step 78600/100000 | Train Loss: 0.013028 | Test Loss: 0.012986 | LR: 0.000799
2026-02-28 22:54:28,384 [INFO] lstm_fc.training.trainer: Step 78700/100000 | Train Loss: 0.015424 | Test Loss: 0.011565 | LR: 0.000792
2026-02-28 22:54:29,170 [INFO] lstm_fc.training.trainer: Step 78800/100000 | Train Loss: 0.012512 | Test Loss: 0.013044 | LR: 0.000785
2026-02-28 22:54:29,953 [INFO] lstm_fc.training.trainer: Step 78900/100000 | Train Loss: 0.014318 | Test Loss: 0.012863 | LR: 0.000778
2026-02-28 22:54:30,797 [INFO] lstm_fc.training.trainer: Step 79000/100000 | Train Loss: 0.012455 | Test Loss: 0.012560 | LR: 0.000771
2026-02-28 22:54:31,583 [INFO] lstm_fc.training.trainer: Step 79100/100000 | Train Loss: 0.014154 | Test Loss: 0.011684 | LR: 0.000764
2026-02-28 22:54:32,437 [INFO] lstm_fc.training.trainer: Step 79200/100000 | Train Loss: 0.014246 | Test Loss: 0.013782 | LR: 0.000757
2026-02-28 22:54:33,222 [INFO] lstm_fc.training.trainer: Step 79300/100000 | Train Loss: 0.012846 | Test Loss: 0.012148 | LR: 0.000750
2026-02-28 22:54:34,002 [INFO] lstm_fc.training.trainer: Step 79400/100000 | Train Loss: 0.012874 | Test Loss: 0.014435 | LR: 0.000743
2026-02-28 22:54:34,788 [INFO] lstm_fc.training.trainer: Step 79500/100000 | Train Loss: 0.012113 | Test Loss: 0.014883 | LR: 0.000736
2026-02-28 22:54:35,633 [INFO] lstm_fc.training.trainer: Step 79600/100000 | Train Loss: 0.013781 | Test Loss: 0.013432 | LR: 0.000729
2026-02-28 22:54:36,429 [INFO] lstm_fc.training.trainer: Step 79700/100000 | Train Loss: 0.013902 | Test Loss: 0.014125 | LR: 0.000722
2026-02-28 22:54:37,270 [INFO] lstm_fc.training.trainer: Step 79800/100000 | Train Loss: 0.013983 | Test Loss: 0.012124 | LR: 0.000715
2026-02-28 22:54:38,050 [INFO] lstm_fc.training.trainer: Step 79900/100000 | Train Loss: 0.015658 | Test Loss: 0.014116 | LR: 0.000709
2026-02-28 22:54:38,836 [INFO] lstm_fc.training.trainer: Step 80000/100000 | Train Loss: 0.014177 | Test Loss: 0.013953 | LR: 0.000702
2026-02-28 22:54:38,837 [INFO] lstm_fc.training.trainer: Checkpoint saved: outputs/final_best_128h/checkpoint_step80000.pt
2026-02-28 22:54:39,622 [INFO] lstm_fc.training.trainer: Step 80100/100000 | Train Loss: 0.014244 | Test Loss: 0.012938 | LR: 0.000695
2026-02-28 22:54:40,464 [INFO] lstm_fc.training.trainer: Step 80200/100000 | Train Loss: 0.012770 | Test Loss: 0.012757 | LR: 0.000688
2026-02-28 22:54:41,249 [INFO] lstm_fc.training.trainer: Step 80300/100000 | Train Loss: 0.015010 | Test Loss: 0.015226 | LR: 0.000682
2026-02-28 22:54:42,097 [INFO] lstm_fc.training.trainer: Step 80400/100000 | Train Loss: 0.012198 | Test Loss: 0.012688 | LR: 0.000675
2026-02-28 22:54:42,880 [INFO] lstm_fc.training.trainer: Step 80500/100000 | Train Loss: 0.013649 | Test Loss: 0.013358 | LR: 0.000669
2026-02-28 22:54:43,730 [INFO] lstm_fc.training.trainer: Step 80600/100000 | Train Loss: 0.013908 | Test Loss: 0.014584 | LR: 0.000662
2026-02-28 22:54:44,573 [INFO] lstm_fc.training.trainer: Step 80700/100000 | Train Loss: 0.012902 | Test Loss: 0.012818 | LR: 0.000655
2026-02-28 22:54:45,356 [INFO] lstm_fc.training.trainer: Step 80800/100000 | Train Loss: 0.012541 | Test Loss: 0.013273 | LR: 0.000649
2026-02-28 22:54:46,198 [INFO] lstm_fc.training.trainer: Step 80900/100000 | Train Loss: 0.011619 | Test Loss: 0.014455 | LR: 0.000642
2026-02-28 22:54:46,986 [INFO] lstm_fc.training.trainer: Step 81000/100000 | Train Loss: 0.014393 | Test Loss: 0.014356 | LR: 0.000636
2026-02-28 22:54:47,770 [INFO] lstm_fc.training.trainer: Step 81100/100000 | Train Loss: 0.013184 | Test Loss: 0.015334 | LR: 0.000629
2026-02-28 22:54:48,554 [INFO] lstm_fc.training.trainer: Step 81200/100000 | Train Loss: 0.015024 | Test Loss: 0.012343 | LR: 0.000623
2026-02-28 22:54:49,396 [INFO] lstm_fc.training.trainer: Step 81300/100000 | Train Loss: 0.013078 | Test Loss: 0.014248 | LR: 0.000617
2026-02-28 22:54:50,180 [INFO] lstm_fc.training.trainer: Step 81400/100000 | Train Loss: 0.014870 | Test Loss: 0.013969 | LR: 0.000610
2026-02-28 22:54:51,022 [INFO] lstm_fc.training.trainer: Step 81500/100000 | Train Loss: 0.012227 | Test Loss: 0.016652 | LR: 0.000604
2026-02-28 22:54:51,808 [INFO] lstm_fc.training.trainer: Step 81600/100000 | Train Loss: 0.014557 | Test Loss: 0.012814 | LR: 0.000598
2026-02-28 22:54:52,601 [INFO] lstm_fc.training.trainer: Step 81700/100000 | Train Loss: 0.012520 | Test Loss: 0.012710 | LR: 0.000592
2026-02-28 22:54:53,388 [INFO] lstm_fc.training.trainer: Step 81800/100000 | Train Loss: 0.012498 | Test Loss: 0.013291 | LR: 0.000585
2026-02-28 22:54:54,232 [INFO] lstm_fc.training.trainer: Step 81900/100000 | Train Loss: 0.013557 | Test Loss: 0.013158 | LR: 0.000579
2026-02-28 22:54:55,013 [INFO] lstm_fc.training.trainer: Step 82000/100000 | Train Loss: 0.014045 | Test Loss: 0.015094 | LR: 0.000573
2026-02-28 22:54:55,857 [INFO] lstm_fc.training.trainer: Step 82100/100000 | Train Loss: 0.014001 | Test Loss: 0.015363 | LR: 0.000567
2026-02-28 22:54:56,642 [INFO] lstm_fc.training.trainer: Step 82200/100000 | Train Loss: 0.016977 | Test Loss: 0.011304 | LR: 0.000561
2026-02-28 22:54:57,425 [INFO] lstm_fc.training.trainer: Step 82300/100000 | Train Loss: 0.014418 | Test Loss: 0.011963 | LR: 0.000555
2026-02-28 22:54:58,221 [INFO] lstm_fc.training.trainer: Step 82400/100000 | Train Loss: 0.015010 | Test Loss: 0.013685 | LR: 0.000549
2026-02-28 22:54:59,066 [INFO] lstm_fc.training.trainer: Step 82500/100000 | Train Loss: 0.013500 | Test Loss: 0.013771 | LR: 0.000543
2026-02-28 22:54:59,854 [INFO] lstm_fc.training.trainer: Step 82600/100000 | Train Loss: 0.013723 | Test Loss: 0.014192 | LR: 0.000537
2026-02-28 22:55:00,700 [INFO] lstm_fc.training.trainer: Step 82700/100000 | Train Loss: 0.017149 | Test Loss: 0.014604 | LR: 0.000531
2026-02-28 22:55:01,491 [INFO] lstm_fc.training.trainer: Step 82800/100000 | Train Loss: 0.015620 | Test Loss: 0.013032 | LR: 0.000525
2026-02-28 22:55:02,278 [INFO] lstm_fc.training.trainer: Step 82900/100000 | Train Loss: 0.014782 | Test Loss: 0.013273 | LR: 0.000519
2026-02-28 22:55:03,120 [INFO] lstm_fc.training.trainer: Step 83000/100000 | Train Loss: 0.014894 | Test Loss: 0.012415 | LR: 0.000513
2026-02-28 22:55:03,912 [INFO] lstm_fc.training.trainer: Step 83100/100000 | Train Loss: 0.013532 | Test Loss: 0.012568 | LR: 0.000507
2026-02-28 22:55:04,772 [INFO] lstm_fc.training.trainer: Step 83200/100000 | Train Loss: 0.016679 | Test Loss: 0.014033 | LR: 0.000501
2026-02-28 22:55:05,640 [INFO] lstm_fc.training.trainer: Step 83300/100000 | Train Loss: 0.011367 | Test Loss: 0.013456 | LR: 0.000495
2026-02-28 22:55:06,447 [INFO] lstm_fc.training.trainer: Step 83400/100000 | Train Loss: 0.012002 | Test Loss: 0.012662 | LR: 0.000490
2026-02-28 22:55:07,244 [INFO] lstm_fc.training.trainer: Step 83500/100000 | Train Loss: 0.013260 | Test Loss: 0.012048 | LR: 0.000484
2026-02-28 22:55:08,095 [INFO] lstm_fc.training.trainer: Step 83600/100000 | Train Loss: 0.012787 | Test Loss: 0.014019 | LR: 0.000478
2026-02-28 22:55:08,883 [INFO] lstm_fc.training.trainer: Step 83700/100000 | Train Loss: 0.014248 | Test Loss: 0.015106 | LR: 0.000473
2026-02-28 22:55:09,727 [INFO] lstm_fc.training.trainer: Step 83800/100000 | Train Loss: 0.013488 | Test Loss: 0.013126 | LR: 0.000467
2026-02-28 22:55:10,524 [INFO] lstm_fc.training.trainer: Step 83900/100000 | Train Loss: 0.013295 | Test Loss: 0.014487 | LR: 0.000461
2026-02-28 22:55:11,322 [INFO] lstm_fc.training.trainer: Step 84000/100000 | Train Loss: 0.016309 | Test Loss: 0.012886 | LR: 0.000456
2026-02-28 22:55:12,126 [INFO] lstm_fc.training.trainer: Step 84100/100000 | Train Loss: 0.014894 | Test Loss: 0.011362 | LR: 0.000450
2026-02-28 22:55:12,976 [INFO] lstm_fc.training.trainer: Step 84200/100000 | Train Loss: 0.013402 | Test Loss: 0.013758 | LR: 0.000445
2026-02-28 22:55:13,759 [INFO] lstm_fc.training.trainer: Step 84300/100000 | Train Loss: 0.014609 | Test Loss: 0.012894 | LR: 0.000439
2026-02-28 22:55:14,603 [INFO] lstm_fc.training.trainer: Step 84400/100000 | Train Loss: 0.013856 | Test Loss: 0.013978 | LR: 0.000434
2026-02-28 22:55:15,390 [INFO] lstm_fc.training.trainer: Step 84500/100000 | Train Loss: 0.013482 | Test Loss: 0.012806 | LR: 0.000428
2026-02-28 22:55:16,175 [INFO] lstm_fc.training.trainer: Step 84600/100000 | Train Loss: 0.014518 | Test Loss: 0.013783 | LR: 0.000423
2026-02-28 22:55:16,955 [INFO] lstm_fc.training.trainer: Step 84700/100000 | Train Loss: 0.013973 | Test Loss: 0.013023 | LR: 0.000418
2026-02-28 22:55:17,807 [INFO] lstm_fc.training.trainer: Step 84800/100000 | Train Loss: 0.012384 | Test Loss: 0.016029 | LR: 0.000412
2026-02-28 22:55:18,591 [INFO] lstm_fc.training.trainer: Step 84900/100000 | Train Loss: 0.014593 | Test Loss: 0.013794 | LR: 0.000407
2026-02-28 22:55:19,436 [INFO] lstm_fc.training.trainer: Step 85000/100000 | Train Loss: 0.014918 | Test Loss: 0.014237 | LR: 0.000402
2026-02-28 22:55:20,225 [INFO] lstm_fc.training.trainer: Step 85100/100000 | Train Loss: 0.012558 | Test Loss: 0.012728 | LR: 0.000397
2026-02-28 22:55:21,016 [INFO] lstm_fc.training.trainer: Step 85200/100000 | Train Loss: 0.014024 | Test Loss: 0.014878 | LR: 0.000391
2026-02-28 22:55:21,818 [INFO] lstm_fc.training.trainer: Step 85300/100000 | Train Loss: 0.012316 | Test Loss: 0.013551 | LR: 0.000386
2026-02-28 22:55:22,661 [INFO] lstm_fc.training.trainer: Step 85400/100000 | Train Loss: 0.012609 | Test Loss: 0.013021 | LR: 0.000381
2026-02-28 22:55:23,448 [INFO] lstm_fc.training.trainer: Step 85500/100000 | Train Loss: 0.014704 | Test Loss: 0.012510 | LR: 0.000376
2026-02-28 22:55:24,292 [INFO] lstm_fc.training.trainer: Step 85600/100000 | Train Loss: 0.013692 | Test Loss: 0.011729 | LR: 0.000371
2026-02-28 22:55:25,074 [INFO] lstm_fc.training.trainer: Step 85700/100000 | Train Loss: 0.013669 | Test Loss: 0.012409 | LR: 0.000366
2026-02-28 22:55:25,865 [INFO] lstm_fc.training.trainer: Step 85800/100000 | Train Loss: 0.013186 | Test Loss: 0.014056 | LR: 0.000361
2026-02-28 22:55:26,717 [INFO] lstm_fc.training.trainer: Step 85900/100000 | Train Loss: 0.014215 | Test Loss: 0.013939 | LR: 0.000356
2026-02-28 22:55:27,500 [INFO] lstm_fc.training.trainer: Step 86000/100000 | Train Loss: 0.015339 | Test Loss: 0.011860 | LR: 0.000351
2026-02-28 22:55:28,410 [INFO] lstm_fc.training.trainer: Step 86100/100000 | Train Loss: 0.013050 | Test Loss: 0.014966 | LR: 0.000346
2026-02-28 22:55:29,204 [INFO] lstm_fc.training.trainer: Step 86200/100000 | Train Loss: 0.015070 | Test Loss: 0.013131 | LR: 0.000341
2026-02-28 22:55:29,989 [INFO] lstm_fc.training.trainer: Step 86300/100000 | Train Loss: 0.014378 | Test Loss: 0.011787 | LR: 0.000337
2026-02-28 22:55:30,774 [INFO] lstm_fc.training.trainer: Step 86400/100000 | Train Loss: 0.013965 | Test Loss: 0.014769 | LR: 0.000332
2026-02-28 22:55:31,619 [INFO] lstm_fc.training.trainer: Step 86500/100000 | Train Loss: 0.014672 | Test Loss: 0.012868 | LR: 0.000327
2026-02-28 22:55:32,404 [INFO] lstm_fc.training.trainer: Step 86600/100000 | Train Loss: 0.013053 | Test Loss: 0.013976 | LR: 0.000322
2026-02-28 22:55:33,258 [INFO] lstm_fc.training.trainer: Step 86700/100000 | Train Loss: 0.012671 | Test Loss: 0.014234 | LR: 0.000318
2026-02-28 22:55:34,037 [INFO] lstm_fc.training.trainer: Step 86800/100000 | Train Loss: 0.013814 | Test Loss: 0.012770 | LR: 0.000313
2026-02-28 22:55:34,822 [INFO] lstm_fc.training.trainer: Step 86900/100000 | Train Loss: 0.016993 | Test Loss: 0.012840 | LR: 0.000308
2026-02-28 22:55:35,606 [INFO] lstm_fc.training.trainer: Step 87000/100000 | Train Loss: 0.014165 | Test Loss: 0.012736 | LR: 0.000304
2026-02-28 22:55:36,451 [INFO] lstm_fc.training.trainer: Step 87100/100000 | Train Loss: 0.014858 | Test Loss: 0.013598 | LR: 0.000299
2026-02-28 22:55:37,235 [INFO] lstm_fc.training.trainer: Step 87200/100000 | Train Loss: 0.013262 | Test Loss: 0.013916 | LR: 0.000294
2026-02-28 22:55:38,099 [INFO] lstm_fc.training.trainer: Step 87300/100000 | Train Loss: 0.011923 | Test Loss: 0.013611 | LR: 0.000290
2026-02-28 22:55:38,884 [INFO] lstm_fc.training.trainer: Step 87400/100000 | Train Loss: 0.012101 | Test Loss: 0.012221 | LR: 0.000285
2026-02-28 22:55:39,675 [INFO] lstm_fc.training.trainer: Step 87500/100000 | Train Loss: 0.011986 | Test Loss: 0.014294 | LR: 0.000281
2026-02-28 22:55:40,461 [INFO] lstm_fc.training.trainer: Step 87600/100000 | Train Loss: 0.012654 | Test Loss: 0.011799 | LR: 0.000277
2026-02-28 22:55:41,306 [INFO] lstm_fc.training.trainer: Step 87700/100000 | Train Loss: 0.015683 | Test Loss: 0.011917 | LR: 0.000272
2026-02-28 22:55:42,089 [INFO] lstm_fc.training.trainer: Step 87800/100000 | Train Loss: 0.014177 | Test Loss: 0.013535 | LR: 0.000268
2026-02-28 22:55:42,934 [INFO] lstm_fc.training.trainer: Step 87900/100000 | Train Loss: 0.014302 | Test Loss: 0.011578 | LR: 0.000264
2026-02-28 22:55:43,720 [INFO] lstm_fc.training.trainer: Step 88000/100000 | Train Loss: 0.014376 | Test Loss: 0.013814 | LR: 0.000259
2026-02-28 22:55:44,519 [INFO] lstm_fc.training.trainer: Step 88100/100000 | Train Loss: 0.014872 | Test Loss: 0.015543 | LR: 0.000255
2026-02-28 22:55:45,364 [INFO] lstm_fc.training.trainer: Step 88200/100000 | Train Loss: 0.013641 | Test Loss: 0.017752 | LR: 0.000251
2026-02-28 22:55:46,183 [INFO] lstm_fc.training.trainer: Step 88300/100000 | Train Loss: 0.013956 | Test Loss: 0.013560 | LR: 0.000247
2026-02-28 22:55:47,032 [INFO] lstm_fc.training.trainer: Step 88400/100000 | Train Loss: 0.012319 | Test Loss: 0.012532 | LR: 0.000243
2026-02-28 22:55:47,830 [INFO] lstm_fc.training.trainer: Step 88500/100000 | Train Loss: 0.016219 | Test Loss: 0.013396 | LR: 0.000238
2026-02-28 22:55:48,617 [INFO] lstm_fc.training.trainer: Step 88600/100000 | Train Loss: 0.014047 | Test Loss: 0.015011 | LR: 0.000234
2026-02-28 22:55:49,401 [INFO] lstm_fc.training.trainer: Step 88700/100000 | Train Loss: 0.015926 | Test Loss: 0.012152 | LR: 0.000230
2026-02-28 22:55:50,252 [INFO] lstm_fc.training.trainer: Step 88800/100000 | Train Loss: 0.016136 | Test Loss: 0.013043 | LR: 0.000226
2026-02-28 22:55:51,105 [INFO] lstm_fc.training.trainer: Step 88900/100000 | Train Loss: 0.013293 | Test Loss: 0.013160 | LR: 0.000222
2026-02-28 22:55:51,949 [INFO] lstm_fc.training.trainer: Step 89000/100000 | Train Loss: 0.012535 | Test Loss: 0.012964 | LR: 0.000218
2026-02-28 22:55:52,743 [INFO] lstm_fc.training.trainer: Step 89100/100000 | Train Loss: 0.013409 | Test Loss: 0.013788 | LR: 0.000215
2026-02-28 22:55:53,527 [INFO] lstm_fc.training.trainer: Step 89200/100000 | Train Loss: 0.014777 | Test Loss: 0.015668 | LR: 0.000211
2026-02-28 22:55:54,312 [INFO] lstm_fc.training.trainer: Step 89300/100000 | Train Loss: 0.013577 | Test Loss: 0.012372 | LR: 0.000207
2026-02-28 22:55:55,161 [INFO] lstm_fc.training.trainer: Step 89400/100000 | Train Loss: 0.013533 | Test Loss: 0.012035 | LR: 0.000203
2026-02-28 22:55:55,944 [INFO] lstm_fc.training.trainer: Step 89500/100000 | Train Loss: 0.012537 | Test Loss: 0.011896 | LR: 0.000199
2026-02-28 22:55:56,788 [INFO] lstm_fc.training.trainer: Step 89600/100000 | Train Loss: 0.014095 | Test Loss: 0.015092 | LR: 0.000196
2026-02-28 22:55:57,584 [INFO] lstm_fc.training.trainer: Step 89700/100000 | Train Loss: 0.013064 | Test Loss: 0.013966 | LR: 0.000192
2026-02-28 22:55:58,370 [INFO] lstm_fc.training.trainer: Step 89800/100000 | Train Loss: 0.012015 | Test Loss: 0.013190 | LR: 0.000188
2026-02-28 22:55:59,154 [INFO] lstm_fc.training.trainer: Step 89900/100000 | Train Loss: 0.012883 | Test Loss: 0.013998 | LR: 0.000185
2026-02-28 22:55:59,997 [INFO] lstm_fc.training.trainer: Step 90000/100000 | Train Loss: 0.014840 | Test Loss: 0.012358 | LR: 0.000181
2026-02-28 22:56:00,783 [INFO] lstm_fc.training.trainer: Step 90100/100000 | Train Loss: 0.012563 | Test Loss: 0.015377 | LR: 0.000177
2026-02-28 22:56:01,627 [INFO] lstm_fc.training.trainer: Step 90200/100000 | Train Loss: 0.012840 | Test Loss: 0.012413 | LR: 0.000174
2026-02-28 22:56:02,409 [INFO] lstm_fc.training.trainer: Step 90300/100000 | Train Loss: 0.015523 | Test Loss: 0.013005 | LR: 0.000170
2026-02-28 22:56:03,201 [INFO] lstm_fc.training.trainer: Step 90400/100000 | Train Loss: 0.013883 | Test Loss: 0.013269 | LR: 0.000167
2026-02-28 22:56:04,042 [INFO] lstm_fc.training.trainer: Step 90500/100000 | Train Loss: 0.014159 | Test Loss: 0.012787 | LR: 0.000163
2026-02-28 22:56:04,828 [INFO] lstm_fc.training.trainer: Step 90600/100000 | Train Loss: 0.013682 | Test Loss: 0.013472 | LR: 0.000160
2026-02-28 22:56:05,674 [INFO] lstm_fc.training.trainer: Step 90700/100000 | Train Loss: 0.012606 | Test Loss: 0.014142 | LR: 0.000157
2026-02-28 22:56:06,459 [INFO] lstm_fc.training.trainer: Step 90800/100000 | Train Loss: 0.013244 | Test Loss: 0.015026 | LR: 0.000153
2026-02-28 22:56:07,247 [INFO] lstm_fc.training.trainer: Step 90900/100000 | Train Loss: 0.014560 | Test Loss: 0.011913 | LR: 0.000150
2026-02-28 22:56:08,054 [INFO] lstm_fc.training.trainer: Step 91000/100000 | Train Loss: 0.014001 | Test Loss: 0.016108 | LR: 0.000147
2026-02-28 22:56:08,913 [INFO] lstm_fc.training.trainer: Step 91100/100000 | Train Loss: 0.013026 | Test Loss: 0.014113 | LR: 0.000144
2026-02-28 22:56:09,698 [INFO] lstm_fc.training.trainer: Step 91200/100000 | Train Loss: 0.012534 | Test Loss: 0.011626 | LR: 0.000140
2026-02-28 22:56:10,546 [INFO] lstm_fc.training.trainer: Step 91300/100000 | Train Loss: 0.011627 | Test Loss: 0.012182 | LR: 0.000137
2026-02-28 22:56:11,330 [INFO] lstm_fc.training.trainer: Step 91400/100000 | Train Loss: 0.011348 | Test Loss: 0.014607 | LR: 0.000134
2026-02-28 22:56:12,129 [INFO] lstm_fc.training.trainer: Step 91500/100000 | Train Loss: 0.013887 | Test Loss: 0.015524 | LR: 0.000131
2026-02-28 22:56:12,913 [INFO] lstm_fc.training.trainer: Step 91600/100000 | Train Loss: 0.012212 | Test Loss: 0.012521 | LR: 0.000128
2026-02-28 22:56:13,830 [INFO] lstm_fc.training.trainer: Step 91700/100000 | Train Loss: 0.011353 | Test Loss: 0.013748 | LR: 0.000125
2026-02-28 22:56:14,615 [INFO] lstm_fc.training.trainer: Step 91800/100000 | Train Loss: 0.012069 | Test Loss: 0.013489 | LR: 0.000122
2026-02-28 22:56:15,460 [INFO] lstm_fc.training.trainer: Step 91900/100000 | Train Loss: 0.012011 | Test Loss: 0.014684 | LR: 0.000119
2026-02-28 22:56:16,247 [INFO] lstm_fc.training.trainer: Step 92000/100000 | Train Loss: 0.013092 | Test Loss: 0.014125 | LR: 0.000116
2026-02-28 22:56:17,041 [INFO] lstm_fc.training.trainer: Step 92100/100000 | Train Loss: 0.012639 | Test Loss: 0.011001 | LR: 0.000113
2026-02-28 22:56:17,827 [INFO] lstm_fc.training.trainer: Step 92200/100000 | Train Loss: 0.014381 | Test Loss: 0.014363 | LR: 0.000111
2026-02-28 22:56:18,676 [INFO] lstm_fc.training.trainer: Step 92300/100000 | Train Loss: 0.013188 | Test Loss: 0.012955 | LR: 0.000108
2026-02-28 22:56:19,473 [INFO] lstm_fc.training.trainer: Step 92400/100000 | Train Loss: 0.016089 | Test Loss: 0.013799 | LR: 0.000105
2026-02-28 22:56:20,322 [INFO] lstm_fc.training.trainer: Step 92500/100000 | Train Loss: 0.012422 | Test Loss: 0.013519 | LR: 0.000102
2026-02-28 22:56:21,107 [INFO] lstm_fc.training.trainer: Step 92600/100000 | Train Loss: 0.014305 | Test Loss: 0.013756 | LR: 0.000100
2026-02-28 22:56:21,899 [INFO] lstm_fc.training.trainer: Step 92700/100000 | Train Loss: 0.011963 | Test Loss: 0.013372 | LR: 0.000097
2026-02-28 22:56:22,683 [INFO] lstm_fc.training.trainer: Step 92800/100000 | Train Loss: 0.013443 | Test Loss: 0.012930 | LR: 0.000094
2026-02-28 22:56:23,527 [INFO] lstm_fc.training.trainer: Step 92900/100000 | Train Loss: 0.014384 | Test Loss: 0.014301 | LR: 0.000092
2026-02-28 22:56:24,311 [INFO] lstm_fc.training.trainer: Step 93000/100000 | Train Loss: 0.012906 | Test Loss: 0.011761 | LR: 0.000089
2026-02-28 22:56:25,164 [INFO] lstm_fc.training.trainer: Step 93100/100000 | Train Loss: 0.013155 | Test Loss: 0.012995 | LR: 0.000087
2026-02-28 22:56:25,946 [INFO] lstm_fc.training.trainer: Step 93200/100000 | Train Loss: 0.012304 | Test Loss: 0.014019 | LR: 0.000084
2026-02-28 22:56:26,731 [INFO] lstm_fc.training.trainer: Step 93300/100000 | Train Loss: 0.012293 | Test Loss: 0.012734 | LR: 0.000082
2026-02-28 22:56:27,576 [INFO] lstm_fc.training.trainer: Step 93400/100000 | Train Loss: 0.012214 | Test Loss: 0.011736 | LR: 0.000079
2026-02-28 22:56:28,361 [INFO] lstm_fc.training.trainer: Step 93500/100000 | Train Loss: 0.014402 | Test Loss: 0.013720 | LR: 0.000077
2026-02-28 22:56:29,205 [INFO] lstm_fc.training.trainer: Step 93600/100000 | Train Loss: 0.014088 | Test Loss: 0.012737 | LR: 0.000075
2026-02-28 22:56:29,997 [INFO] lstm_fc.training.trainer: Step 93700/100000 | Train Loss: 0.010175 | Test Loss: 0.012713 | LR: 0.000072
2026-02-28 22:56:30,784 [INFO] lstm_fc.training.trainer: Step 93800/100000 | Train Loss: 0.011799 | Test Loss: 0.013246 | LR: 0.000070
2026-02-28 22:56:31,572 [INFO] lstm_fc.training.trainer: Step 93900/100000 | Train Loss: 0.012699 | Test Loss: 0.012576 | LR: 0.000068
2026-02-28 22:56:32,419 [INFO] lstm_fc.training.trainer: Step 94000/100000 | Train Loss: 0.013865 | Test Loss: 0.014735 | LR: 0.000066
2026-02-28 22:56:33,213 [INFO] lstm_fc.training.trainer: Step 94100/100000 | Train Loss: 0.012839 | Test Loss: 0.014472 | LR: 0.000063
2026-02-28 22:56:34,056 [INFO] lstm_fc.training.trainer: Step 94200/100000 | Train Loss: 0.013906 | Test Loss: 0.012499 | LR: 0.000061
2026-02-28 22:56:34,840 [INFO] lstm_fc.training.trainer: Step 94300/100000 | Train Loss: 0.016029 | Test Loss: 0.014242 | LR: 0.000059
2026-02-28 22:56:35,691 [INFO] lstm_fc.training.trainer: Step 94400/100000 | Train Loss: 0.011879 | Test Loss: 0.012374 | LR: 0.000057
2026-02-28 22:56:36,502 [INFO] lstm_fc.training.trainer: Step 94500/100000 | Train Loss: 0.013157 | Test Loss: 0.015292 | LR: 0.000055
2026-02-28 22:56:37,359 [INFO] lstm_fc.training.trainer: Step 94600/100000 | Train Loss: 0.013594 | Test Loss: 0.012283 | LR: 0.000053
2026-02-28 22:56:38,159 [INFO] lstm_fc.training.trainer: Step 94700/100000 | Train Loss: 0.013711 | Test Loss: 0.013549 | LR: 0.000051
2026-02-28 22:56:39,005 [INFO] lstm_fc.training.trainer: Step 94800/100000 | Train Loss: 0.012910 | Test Loss: 0.012266 | LR: 0.000049
2026-02-28 22:56:39,790 [INFO] lstm_fc.training.trainer: Step 94900/100000 | Train Loss: 0.012263 | Test Loss: 0.013418 | LR: 0.000047
2026-02-28 22:56:40,585 [INFO] lstm_fc.training.trainer: Step 95000/100000 | Train Loss: 0.013236 | Test Loss: 0.014174 | LR: 0.000046
2026-02-28 22:56:41,367 [INFO] lstm_fc.training.trainer: Step 95100/100000 | Train Loss: 0.015758 | Test Loss: 0.011828 | LR: 0.000044
2026-02-28 22:56:42,211 [INFO] lstm_fc.training.trainer: Step 95200/100000 | Train Loss: 0.013571 | Test Loss: 0.015136 | LR: 0.000042
2026-02-28 22:56:42,996 [INFO] lstm_fc.training.trainer: Step 95300/100000 | Train Loss: 0.012391 | Test Loss: 0.014685 | LR: 0.000040
2026-02-28 22:56:43,838 [INFO] lstm_fc.training.trainer: Step 95400/100000 | Train Loss: 0.014280 | Test Loss: 0.013297 | LR: 0.000039
2026-02-28 22:56:44,625 [INFO] lstm_fc.training.trainer: Step 95500/100000 | Train Loss: 0.014696 | Test Loss: 0.015591 | LR: 0.000037
2026-02-28 22:56:45,423 [INFO] lstm_fc.training.trainer: Step 95600/100000 | Train Loss: 0.011160 | Test Loss: 0.013464 | LR: 0.000035
2026-02-28 22:56:46,287 [INFO] lstm_fc.training.trainer: Step 95700/100000 | Train Loss: 0.012526 | Test Loss: 0.013614 | LR: 0.000034
2026-02-28 22:56:47,070 [INFO] lstm_fc.training.trainer: Step 95800/100000 | Train Loss: 0.012762 | Test Loss: 0.011644 | LR: 0.000032
2026-02-28 22:56:47,921 [INFO] lstm_fc.training.trainer: Step 95900/100000 | Train Loss: 0.012941 | Test Loss: 0.012588 | LR: 0.000031
2026-02-28 22:56:48,706 [INFO] lstm_fc.training.trainer: Step 96000/100000 | Train Loss: 0.015451 | Test Loss: 0.012443 | LR: 0.000029
2026-02-28 22:56:49,489 [INFO] lstm_fc.training.trainer: Step 96100/100000 | Train Loss: 0.012892 | Test Loss: 0.012412 | LR: 0.000028
2026-02-28 22:56:50,276 [INFO] lstm_fc.training.trainer: Step 96200/100000 | Train Loss: 0.012892 | Test Loss: 0.012408 | LR: 0.000026
2026-02-28 22:56:51,138 [INFO] lstm_fc.training.trainer: Step 96300/100000 | Train Loss: 0.013266 | Test Loss: 0.013493 | LR: 0.000025
2026-02-28 22:56:51,920 [INFO] lstm_fc.training.trainer: Step 96400/100000 | Train Loss: 0.013255 | Test Loss: 0.013603 | LR: 0.000024
2026-02-28 22:56:52,766 [INFO] lstm_fc.training.trainer: Step 96500/100000 | Train Loss: 0.012980 | Test Loss: 0.011643 | LR: 0.000022
2026-02-28 22:56:53,552 [INFO] lstm_fc.training.trainer: Step 96600/100000 | Train Loss: 0.010871 | Test Loss: 0.013336 | LR: 0.000021
2026-02-28 22:56:54,346 [INFO] lstm_fc.training.trainer: Step 96700/100000 | Train Loss: 0.013992 | Test Loss: 0.012358 | LR: 0.000020
2026-02-28 22:56:55,131 [INFO] lstm_fc.training.trainer: Step 96800/100000 | Train Loss: 0.013059 | Test Loss: 0.013281 | LR: 0.000019
2026-02-28 22:56:55,975 [INFO] lstm_fc.training.trainer: Step 96900/100000 | Train Loss: 0.012021 | Test Loss: 0.014198 | LR: 0.000018
2026-02-28 22:56:56,762 [INFO] lstm_fc.training.trainer: Step 97000/100000 | Train Loss: 0.015337 | Test Loss: 0.011574 | LR: 0.000016
2026-02-28 22:56:57,610 [INFO] lstm_fc.training.trainer: Step 97100/100000 | Train Loss: 0.012757 | Test Loss: 0.015658 | LR: 0.000015
2026-02-28 22:56:58,458 [INFO] lstm_fc.training.trainer: Step 97200/100000 | Train Loss: 0.014206 | Test Loss: 0.014511 | LR: 0.000014
2026-02-28 22:56:59,255 [INFO] lstm_fc.training.trainer: Step 97300/100000 | Train Loss: 0.013459 | Test Loss: 0.013358 | LR: 0.000013
2026-02-28 22:57:00,036 [INFO] lstm_fc.training.trainer: Step 97400/100000 | Train Loss: 0.014395 | Test Loss: 0.012041 | LR: 0.000012
2026-02-28 22:57:00,890 [INFO] lstm_fc.training.trainer: Step 97500/100000 | Train Loss: 0.012028 | Test Loss: 0.012183 | LR: 0.000011
2026-02-28 22:57:01,674 [INFO] lstm_fc.training.trainer: Step 97600/100000 | Train Loss: 0.013726 | Test Loss: 0.012853 | LR: 0.000011
2026-02-28 22:57:02,520 [INFO] lstm_fc.training.trainer: Step 97700/100000 | Train Loss: 0.012614 | Test Loss: 0.013086 | LR: 0.000010
2026-02-28 22:57:03,308 [INFO] lstm_fc.training.trainer: Step 97800/100000 | Train Loss: 0.013416 | Test Loss: 0.014840 | LR: 0.000009
2026-02-28 22:57:04,089 [INFO] lstm_fc.training.trainer: Step 97900/100000 | Train Loss: 0.012919 | Test Loss: 0.013288 | LR: 0.000008
2026-02-28 22:57:04,940 [INFO] lstm_fc.training.trainer: Step 98000/100000 | Train Loss: 0.014207 | Test Loss: 0.016103 | LR: 0.000007
2026-02-28 22:57:05,734 [INFO] lstm_fc.training.trainer: Step 98100/100000 | Train Loss: 0.012977 | Test Loss: 0.013678 | LR: 0.000007
2026-02-28 22:57:06,576 [INFO] lstm_fc.training.trainer: Step 98200/100000 | Train Loss: 0.012743 | Test Loss: 0.012529 | LR: 0.000006
2026-02-28 22:57:07,361 [INFO] lstm_fc.training.trainer: Step 98300/100000 | Train Loss: 0.011970 | Test Loss: 0.014824 | LR: 0.000005
2026-02-28 22:57:08,147 [INFO] lstm_fc.training.trainer: Step 98400/100000 | Train Loss: 0.014667 | Test Loss: 0.016185 | LR: 0.000005
2026-02-28 22:57:08,932 [INFO] lstm_fc.training.trainer: Step 98500/100000 | Train Loss: 0.014025 | Test Loss: 0.011984 | LR: 0.000004
2026-02-28 22:57:09,780 [INFO] lstm_fc.training.trainer: Step 98600/100000 | Train Loss: 0.012886 | Test Loss: 0.011197 | LR: 0.000004
2026-02-28 22:57:10,581 [INFO] lstm_fc.training.trainer: Step 98700/100000 | Train Loss: 0.013553 | Test Loss: 0.012912 | LR: 0.000003
2026-02-28 22:57:11,435 [INFO] lstm_fc.training.trainer: Step 98800/100000 | Train Loss: 0.013307 | Test Loss: 0.014380 | LR: 0.000003
2026-02-28 22:57:12,218 [INFO] lstm_fc.training.trainer: Step 98900/100000 | Train Loss: 0.015818 | Test Loss: 0.013373 | LR: 0.000002
2026-02-28 22:57:13,000 [INFO] lstm_fc.training.trainer: Step 99000/100000 | Train Loss: 0.013448 | Test Loss: 0.011989 | LR: 0.000002
2026-02-28 22:57:13,783 [INFO] lstm_fc.training.trainer: Step 99100/100000 | Train Loss: 0.013099 | Test Loss: 0.016454 | LR: 0.000002
2026-02-28 22:57:14,626 [INFO] lstm_fc.training.trainer: Step 99200/100000 | Train Loss: 0.012641 | Test Loss: 0.013566 | LR: 0.000001
2026-02-28 22:57:15,422 [INFO] lstm_fc.training.trainer: Step 99300/100000 | Train Loss: 0.013476 | Test Loss: 0.013838 | LR: 0.000001
2026-02-28 22:57:16,265 [INFO] lstm_fc.training.trainer: Step 99400/100000 | Train Loss: 0.014785 | Test Loss: 0.013216 | LR: 0.000001
2026-02-28 22:57:17,048 [INFO] lstm_fc.training.trainer: Step 99500/100000 | Train Loss: 0.015114 | Test Loss: 0.012817 | LR: 0.000000
2026-02-28 22:57:17,835 [INFO] lstm_fc.training.trainer: Step 99600/100000 | Train Loss: 0.015764 | Test Loss: 0.014862 | LR: 0.000000
2026-02-28 22:57:18,624 [INFO] lstm_fc.training.trainer: Step 99700/100000 | Train Loss: 0.014602 | Test Loss: 0.013720 | LR: 0.000000
2026-02-28 22:57:19,478 [INFO] lstm_fc.training.trainer: Step 99800/100000 | Train Loss: 0.014333 | Test Loss: 0.014431 | LR: 0.000000
2026-02-28 22:57:20,269 [INFO] lstm_fc.training.trainer: Step 99900/100000 | Train Loss: 0.013523 | Test Loss: 0.014959 | LR: 0.000000
2026-02-28 22:57:21,182 [INFO] lstm_fc.training.trainer: Step 100000/100000 | Train Loss: 0.013412 | Test Loss: 0.013050 | LR: 0.000000
2026-02-28 22:57:21,183 [INFO] lstm_fc.training.trainer: Checkpoint saved: outputs/final_best_128h/checkpoint_step100000.pt
2026-02-28 22:57:21,184 [INFO] lstm_fc.training.trainer: Final model saved: outputs/final_best_128h/model_final.pt
2026-02-28 22:57:21,707 [INFO] lstm_fc.training.trainer: Loss plot saved
